,Unnamed: 0,Blog,Sentiment,Place
0,0,용머리해안: 기후변화홍보관 하멜전시관 용머리해안을 보기위해 방문했는데 입장하지 못해서 너무 아쉽고 짜증났다. 아쉬움과 중학생소녀의 보고서를 위해 기후변화홍보관을 방문하였다. 누구나 다 알고...,-1.0,용머리해안 기후변화홍보관
1,1,기후변화 홍보관을 둘러 보길 잘 한 것 같습니다. 용머리 해안 입장권을 샀습니다. 관람을 하는 사람들이 많았습니다. 4시 30분까지만 입장할 수 있다고 합니다. 물이 차서 안 된다고 합니다. 해안가를 둘러 보는데...,1.0,용머리해안 기후변화홍보관
2,2,이곳 용머리해안에는 용머리해안 기후변화홍보관이 있습니다. 세계자연유산 제주의 기후변화... 이상기후에 경각심을 갖고 자연과 지구의 역사를 기후의 관점에서 사고하는 교육의 장입니다. 전시관...,1.0,용머리해안 기후변화홍보관
3,3,제 생각에는 잘 찍는 거 같아요 ㅎㅎ 용머리해안 입구에서 왼쪽으로 오시면 보이는 기후변화홍보관!... 혹시 기후변화홍보관에 관심이 있으신 분들을 위해서 적어둘게요!! 용머리해안 기후변화홍보관 휴관일...,1.0,용머리해안 기후변화홍보관
4,4,그리고 용머리 해안의 멋진 풍경이 눈에 들어온다. 그러나 오늘은 해수면이 높고 태풍의 영향으로 출입을 금하였다. 바로 근처에 #용머리해안기후변화홍보관 이 있었다. 기후변화센터 바로 앞에서는 사진을 찍는...,1.0,용머리해안 기후변화홍보관
5,5,"(오른쪽) 용머리해안(왼쪽) / 마라도(중앙) / 송악산(오른쪽) 용머리해안 기후변화 홍보관 앞에 아래와 같이, 기후변화 관련 이야기를 소개하고 있다. 잠시, 읽어보자. 짧게나마... 홍보관에서 제공한... ",0.0,용머리해안 기후변화홍보관
6,6,다녔어요 용머리해안 매표소인데요... 바람 너무 많이 불어서 막아놨어요 슬프다. 금일.기상악화로.... 동영상도 찍어봤어요 모두들 한 번 감상해보세요 기후변화홍보관이에요~ 뭔가 특별한 게 있을 줄 알았는데...,-1.0,용머리해안 기후변화홍보관
7,7,입구로 들어가면 기후변화홍보관 관리자분께서 출입자명부 작성을 하라고 함. 기후변화와 용머리해안 지구온난화로 인한 해수면 상승으로 용머리 해안과 관련하여 매년 침수되고 있다고 설명해 주심....,0.0,용머리해안 기후변화홍보관
8,8,"-제주 기후변화의 랜드마크- 용머리해안 기후변화홍보관 기상청 기자단 / 신현희 □ 제주도의 아름다운 절경, 용머리해안 국가지정문화재 천연기념물 지정 및 세계지질공원으로 인증된 제주의 아름다운 절경... ",1.0,용머리해안 기후변화홍보관
9,9,벼 는 어디로 갔뉘~~~~ 용머리 해안 기후변화홍보관 정비좀 해주세용~!!! 플리즈~ 원주에만 있는 줄 알았던 기후변화홍보관이 생각치도 못한곳에 있었어요. 용머리해안앞에 위치한 기후변화홍보관 아...,-1.0,용머리해안 기후변화홍보관
10,10,제주자전거학교 바이백 제주에 처음으로 생겨난 제주자전거학교 바이백 [BY100] 제주이색체험... 제주도 자전거여행 2011년 설립된 사회적기업인 푸른바이크쉐어링에서 2021년 자전거학교를 론칭했는데요....,0.0,푸른바이크쉐어링 자전거 학교 BY100
11,11,주소 #제주여행 #자전거여행 #제주자전거여행 #제주이색체험 #이색체험 #체험맛집 #사회적기업 #사회적경제 #바이클린 #푸른바이크쉐어링 #제주자전거학교 #자전거학교 #가족여행 #바이백 #BY100 #자전거명상...,0.0,푸른바이크쉐어링 자전거 학교 BY100
12,12,회원전용 #제주여행 #자전거여행 #제주자전거여행 #제주이색체험 #이색체험 #체험맛집 #사회적기업 #사회적경제 #바이클린 #푸른바이크쉐어링 #제주자전거학교 #자전거학교 #가족여행 #바이백 #BY100...,0.0,푸른바이크쉐어링 자전거 학교 BY100
13,13,(주) 푸른바이크쉐어링이 설립한 제주 자전거 학교 BY100이 공식홈페이지가 있다는 사실 알고계신가요? https://purunbike.modoo.at/ 제주의 건강한 미래를 위하여 자전거 교육과 투어를 진행하는...,0.0,푸른바이크쉐어링 자전거 학교 BY100
14,14,"인스타 : @by100.official 유튜브 : 제주자전거학교 오늘은 제주도자전거학교 바이백에 대해... 사회적기업, #사회적경제, #바이클린, #푸른바이크쉐어링, #제주자전거학교, #자전거학교, #가족여행, #바이백",0.0,푸른바이크쉐어링 자전거 학교 BY100
15,15,"제주자전거학교 바이백[BY100]은 2011년 설립된 사회적기업 푸른바이크쉐어링에서 10년동안의 학교, 단체 교육을 통해 얻은 노하우를 바탕으로 2021년 론칭한 자전거학교예요. 푸른바이크쉐어링은 자전거... ",0.0,푸른바이크쉐어링 자전거 학교 BY100
16,16,BY100 제주자전거학교 바이백은 2011년 설립된 사회적기업 푸른바이크쉐어링에서 자전거 학교를 세웠습니다. 매년 2000명 이상의 초등학생들이 안전하게 두발자전거를 배울 수 있도록 푸른바이크쉐어링에서...,0.0,푸른바이크쉐어링 자전거 학교 BY100
17,17,클릭 ⬇️회원전용 #BY100 #제주자전거학교바이백 #제주자전거여행 #가족여행 #이색체험 #제주여행 #자전거여행 #제주이색체험 #체험맛집 #사회적기업 #사회적경제 #바이클린 #푸른바이크쉐어링...,0.0,푸른바이크쉐어링 자전거 학교 BY100
18,18,안녕하세요 많은 분들의 관심속에 지난 3월 4일(토) 제주 자전거학교 바이백 BY100 첫 일정이... 입금계좌 농협 ***-****-****-** ㈜푸른바이크쉐어링 오시는 길 제주시 한림읍 금성천남길 32 문의전화...,0.0,푸른바이크쉐어링 자전거 학교 BY100
19,19,"푸른바이크쉐어링에서 십년동안 학교, 단체교육을 통해 얻은 노하우와 2021년 자전거학교를 론칭하게 되었는데요. 한국관광공사나 환경부장관 등 많은 기관으로부터 표창및 수상한 곳입니다. [BY100]... ",1.0,푸른바이크쉐어링 자전거 학교 BY100
20,20,‘새활용+알맹e가게’는 ‘새활용(업사이클)과 알맹이(제로웨이스트) 제품을 소개하고 판매하는 자원 순환의 새로운 체험 공간’입니다. 인천업사이클에코센터 1층에 마련된 ‘새활용+알맹e가게’는 사실 2월...,0.0,3R 센터 에코체험센터
21,21,"시흥에코센터 초록배곧이 있는걸 확인하고 다녀왔습니다. 주말에가서 주차자리가 여유롭진 않았는데, 그래도 또 사람이 아주 많지도 않았어요. 저희는 오후에 가느라 1층밖에 못돌았는데 생각보다 체험할게... ",1.0,3R 센터 에코체험센터
22,22,04.08.(토) 14:00~16:30 6~7세 동반가족 20명 물총 대표선수 조개 04.14.(일) 14:00~16:30 04.30.(일) 14:00~16:30 초등학생 동반가족 30명 에코센터 1층 교육실 야생동물 진료체험(☎051-209-2092) 수의사와...,0.0,3R 센터 에코체험센터
23,23,다녀온 곳이 재미있었는지 어떤 것이 가장 재미있었는지 물어보곤 하는데 시흥 에코센터는 아이들 만족도와 재방문 의사가 높았다~ #예약없이 #예약없는 #시흥에코센터 #시흥에코센터초록배곧 #아이와체험,1.0,3R 센터 에코체험센터
24,24,시흥에코센터 초록배곧에서 유익한 환경 체험 안녕하세요. 에코나우에요! 환경강사로 활동 중인 아빠로써 추천하는 유익한 시흥 체험 장소가 있는데요. 환경이라는 주제의 체험관이라면 다소 딱딱하지...,1.0,3R 센터 에코체험센터
25,25,초록배곧 에코센터 어린이 체험 놀이터에서 신나게 뛰어 놀기도 하고 멸종위기 동물을 색칠도 해보며 즐거운 시간을 보냈네요^^ 환경에 대해 다양하게 체험하고 관람할 수 있는 시흥 에코센터 초록배곧 아이와...,1.0,3R 센터 에코체험센터
26,26,"농촌여행 휴양체험마을 강릉 소금강마을 에코센터는 전통 방식으로 두부, 떡 만들기와 다양한 농작물 수확체험, 피자만들기체험, 양떼체험 등 일년내내 다양한 체험이 있다고 해요. 그리고 소금강마을만의... ",1.0,3R 센터 에코체험센터
27,27,"나만 알고 싶은 에코센터 숲 체험 수업 후기 1인당 5,000원의 참가비를 내고 다양한 것을 경험하고 선물까지 받아 가니 이렇게 다 퍼주는 수업이 다 있나 싶었을 정도로 정말 만족하고 감사한 수업이었습니다.... ",1.0,3R 센터 에코체험센터
28,28,"에코왕곡환경농업교육센터 전남 나주시 왕곡면 나주서부로 371-14 061)335-8101 에코왕곡교육센터는 체험휴양마을, 인성학교, 마을학교, 작은 도서관, 숙박체험, 진로체험처로 교육부에서 지정되어 운영되고... ",0.0,3R 센터 에코체험센터
29,29,"내고 두시간 노는 키즈카페보다 훨씬 의미있고 신나게 논 것 같아 기분이 좋더라구요. 서울 근교 시흥에코센터 초록배곧, 날 풀리면 옥상과 야외체험도 진행하는 것 같은데 한번쯤 들러보기 좋은 곳이였습니다 :-)",1.0,3R 센터 에코체험센터
30,30,"들어오는지, 제주의 식수에 대해서 배워 볼 수 있는 곳입니다. 물사랑홍보관은 2020. 3. 5 부터 약 1년... 제주물사랑홍보관 입구에 자그마한 물터가 있는데, 30년 전 할머니 집에서 보았던 물 펌프를 발견하며 아주... ",0.0,제주물사랑홍보관
31,31,"금산생태원, 제주물사랑홍보관 관람 동선과 소요시간 이용후기 360도 회전 계단길을 올라 정상의 산책길을 지나 아래로 걸어 내려오면 금산생태원이 보인다. 총 소요되는 시간은 약 30분 현재 물사랑홍보관은... ",0.0,제주물사랑홍보관
32,32,[제주 여행] 물사랑 홍보관금산 생태원 물의 소중함을 느낄 수 있는 제주 물사랑 홍보관과 금산... 솟아나는 물 중에서 가장 풍부한 물이 솟아나는 금산물은 1957년 지하에서 솟아나자마자 바다로 흘러드는 물을...,1.0,제주물사랑홍보관
33,33,제주공항 근처 가볼 만한 곳 제주물사랑홍보관 아이와 함께 방문 추천해요. 안녕하세요. 문래동... 용천 암석이나 지층을 통해 지하수가 땅 위로 솟아나는 지점 용천수 용천에서 흘러나오는 물 용천수는 제주도...,1.0,제주물사랑홍보관
34,34,"제주물사랑홍보관은 2013년 3월 건입동에 있는 옛 금산수원지 관리동을 활용하여 설립한 홍보관인데요, 물의 생성 과정 및 제주 최초 근대식 상수도인 금산수원지의 역사 등 제주만의 독특한 물 문화는 물론... ",1.0,제주물사랑홍보관
35,35,물사랑홍보관 운영 재개 http://www.newsje.com/news/articleView.html?idxno=262039 제주도상하수도본부는 제주 물사랑홍보관이 연평균 1만 명 이상의 관람객이 꾸준히 방문하며 지역주민과 관광객들에게 꾸준한 사랑을...,1.0,제주물사랑홍보관
36,36,"물 문화와 물의 깨끗함 홍보, 물 절약 정신 함양 물의 소중함을 체험할 수 있는 제주 물사랑홍보관이... 강재섭 제주도 상하수도본부장은 “물사랑홍보관을 통해 물 절약 의식을 함양하고, 국내외... ",1.0,제주물사랑홍보관
37,37,"금산생태원 내에 바로 제주물사랑홍보관이 있어요!! 관람시간은 10:00~16:00까지이며 매주 월요일은 휴무이니 참고하시길 바랍니다 :-) 홍보관에서는 제주의 생명수, 제주의 용천수, 수돗물 정화과정 등 물에 관한... ",0.0,제주물사랑홍보관
38,38,역할과 제주물사랑홍보관 제주도 상수도역사라고도 할만한 물 공급의 역사에 제주물사랑홍보관 펌프시설까지 전시되어 있어 솔직히 놀랍더라구요 선인들의 노고에 비하면 지금의 우리는 정말 천국이 따로...,1.0,제주물사랑홍보관
39,39,진행되는 제주물사랑홍보간에 가보았어요. 행사부스를 설치하느라 이곳저곳에서 분주하기 설치중이였어요. 오후들어 청명한 날씨를 보여주었답니다. 제주물사랑홍보관 가는길에 보이는...,1.0,제주물사랑홍보관
40,40,CFI에너지미래관 건물입니다. 에너지의 미래에 대해서 이야기 하면서 저탄소 혹은 탄소 제로를 이야기 하는데 이 건물은 과연 그렇게 지어졌는지 의문입니다. CFI는 Carbon Free Island 의 약자로 탄소없는제주섬을...,0.0,CFI에너지미래관 
41,41,후 CFI에너지 미래관으로 이동했다.ㅎㅎ 가는길부터 풍력발전기가 아주 많이 돌아가는 모습을 볼 수 있어서 인상적이었다. 교수님과 한컷!!!! 1. 4D 체험을 첫번째로 에너지 미래관 투어를 시작했다....,1.0,CFI에너지미래관 
42,42,에너지공사 CFI 에너지미래관 검색해보니 관람료도 무료고 아이들이 가면 좋을만한 곳이라고 해서 잠시 전기차도 충전할 겸 들렀다 가기로 했어요 제주에너지공사 CFI미래관 주소 : 제주 제주시 구좌읍...,1.0,CFI에너지미래관 
43,43,이러한 점을 해결하기 위해 제주에서 추진하는 CFI(탄소 없는 섬)을 직접 체감하고 다양한 미래기술... 이곳 CFI에너지미래관 미래관 외부에는 에너지 발전의 상징 중 하나인 풍력발전기가 나란히 서있어...,0.0,CFI에너지미래관 
44,44,해변도로를 따라2-3분거리에 있는 CFI에너지미래관. 4차산업 혁명미래에 대해서 알려주고 그중에서 신재생에너지가 왜필요한지에 대해서 잘 알려주고 있다' 특히 제주도에서 만든 신재생에서지를 진도 완도 부산...,1.0,CFI에너지미래관 
45,45,"카페에서 나와서 카페 가다가 본 #CFI에너지미래관 으로 갔다. 작년, 재작년 여름에 왔을 때도 가보려고... 2층에 에너지 관련 전시관이 있었다. 외관에서 볼때는 엄청 넓을꺼 같았는데 생각했던거 만큼 넓지... ",0.0,CFI에너지미래관 
46,46,제주에너지공사의 CFI에너지미래관에서 킥보드 좀 태워주고자 세웠어요. 이번엔 굿초이스~!!! 핸드폰 무선 충전이 된다고 되어있는데 안되더라구요 ㅎㅎ 킥보드 타다가 힘드니... 메뚜기 잡기~ 점프놀이도 이건...,1.0,CFI에너지미래관 
47,47,스마트에너지시티 F. 스마트그리드 플랫폼 G. 제주 스마트시티 챌린지 H. 전기차 충전체험 2층으로 올라가면 가장 먼저 CFI  그린뉴딜 비전에 관한 내용을 볼 수 있었습니다. 미래관 전시 관람 및 체험에 앞서...,0.0,CFI에너지미래관 
48,48,"제주에너지공사에서 하는 CFI 에너지 미래관! carbon-free Island... 탄소 배출 제로를 위한 대체 에너지를 만들거나 관련한 정보 소개 정도로... 관람 시간입니다. 점심시간에는 관람불가. 토요일, 일요일 휴관.... ",0.0,CFI에너지미래관 
49,49,저희 CFI 에너지 미래관에는 전기차 충전소와 에너지 소통 공감 카페 EV Cafe가 있다는 점 !! 전기차 충전... 놓치지마시고 꼭 즐기시길 바라겠습니다 :) 그 외에도 미래관 입구에 위치한 풍력발전기의...,1.0,CFI에너지미래관 
50,50,숲을 도는 동안 한 번 더 만날 수 있으려나 했지만 역시 귀한 모습은 쉽게 보이는 게 아니었다. 곶자왈 숲으로의 산책은 좋은 시간이었다. #제주여행 #곶자왈생태체험관 #노루와의조우 #제주스러운풍경,1.0,곶자왈생태체험관
51,51,해서 제주를 지키기 위해 시민들이 노력하는 것을 생태 체험관 관람 중 알게 되었습니다 아낌없이 주는 숲 곶자왈은 이제 우리가 소중히 지켜나가야 할 때가 아닐까요! 곶자왈 생태 체험관 1층 테라스 전경,1.0,곶자왈생태체험관
52,52,쉼터에서 잠시 쉼^^ 정수기도 있다는~ 곶자왈생태체험관에서 사람들이 나오길래 나도 들어가 본다.... 체험관을 먼저 둘러보고~ 곶자왈숲에 입장! 나는 거꾸로 갔다왔네^^ 오름도 생태관찰로도...알찬 하루를...,1.0,곶자왈생태체험관
53,53,전반적인 분위기를 영상으로 소개합니다 생태체험관 관람을 마치고 입구로 나옵니다. 교래자연휴양림을 즐기는 방법은 두 가지! 첫째. 큰지그리오름까지 탐방하는 오름탐방로 둘째. 곶자왈 트래킹을 위한...,0.0,곶자왈생태체험관
54,54,"입구에는 가장 먼저 곶자왈생태제험관이 나옵니다. 교래자연휴양림은 곶자왈입니다. 곶자왈은 ‘곶’과 ‘자왈’의 합성어로 '곶'은 숲을 뜻하며, '자왈'은 ‘나무와 덩굴 따위가 마구 엉클어져서 수풀 같이... ",0.0,곶자왈생태체험관
55,55,제주곶자왈 겨울산행을 즐기고 나와 출구로 향하던 중 마주했던 제주도곶자왈생태체험관은 생각보다... 천해드려요~^^ #제주도생태체험관 #제주곶자왈겨울산행 #교래곶자왈숲길 #교래자연휴양림오름산책로,1.0,곶자왈생태체험관
56,56,"2021.9.12.(일) [곶자왈생태체험관] 매일 09:00 - 17:00 휴무 12.31, 1.1, 명절 전·당일 아이들 손바닥만... 40분짜리 생태관찰로를 선택했다. 왕복 한 시간 정도 둘러보았는데 처음 30분은 왕달팽이를 한... ",0.0,곶자왈생태체험관
57,57,체험관의 장애인 화장실은 남녀 공용입니다. 곶자왈 생태체험관에서는 곶자왈과 관련된 체험 프로그램을 운영하고 있습니다. 자세한 내용은 '곶자왈 공유화재단' 홈페이지에서 확인하세요. _,0.0,곶자왈생태체험관
58,58,"곶자왈 생태체험관 작은 생태체험관이 있어서 둘러보았다. 제주의 허파라 불리는 곶자왈. 서쪽 곶자왈 지대도, 사려니 숲길도 나무를 파헤치고 공사하는 모습을 바라보니 마음이 아프다. 아름다운 자연 절대... ",1.0,곶자왈생태체험관
59,59,"곶자왈생태체험관 운영 등 제주 곶자왈 가치 알리는 공유화 운동 추진 http://www.newsje.com/news/articleView.... 허문정 제주도 환경보전국장은 “곶자왈은 우수한 생태·지질학적, 경관적 가치를 지닌 제주의... ",1.0,곶자왈생태체험관
60,60,"ㅎㅎㅎㅎ 사실 질문하기 전에 한 번 언급해주셨어서 기억했다가 낼름 말했다 물뫼힐링팜에서 먹은 저녁식사 유기농업, 치유농업을 하는 공간인 물뫼힐림팡의 특성이 엿보인 저녁 식사였다. 제주도의 천연... ",1.0, 물뫼힐링팜
61,61,"그리고 오름에서 음식으로 힐링을 즐길 수 있는 물뫼힐링팜 외에도 이더라운드에 가시면 주조(술도가제주바당), 커피(타오하우스)에 관련된 로컬푸드트립 프로그램이 준비되어 있으니 제주 여행하면서 색다른... ",0.0, 물뫼힐링팜
62,62,있는 '물뫼힐링팜'을 선택했다. 9시 30분까지 만나는 장소인 '바리메 주차장'으로 갔다. //뚜벅이 분들은... 완전 힐링의 시간 (*ˊᵕˋoo 댕유자차+옥수수빵+과일칩도 챙겨주셨다 좀 더 내려와서 맛있는 도시락도...,1.0, 물뫼힐링팜
63,63,교육과 함께 아주 실속있는 교육이였습니다. 제주물뫼힐링팜에는 다양한 힐링프로그램과 한달살기 체험등을 할수 있었습니다. 아무쪼록 대표님이 꿈이 이루어졌으면 합니다.,1.0, 물뫼힐링팜
64,64,이름도 넘 잘 어울리고 넘 순해서 예뻤어요.ㅎ 마당풍경 #싱잉볼 #싱잉볼체험 #싱잉볼힐링체험 #싱잉볼명상 #물뫼힐링팜 #힐링푸드 #제주힐링명소 #제주힐링명상 #제주에서독특한체험 #유튜브영국사람촬영지,1.0, 물뫼힐링팜
65,65,이렇게 물뫼힐링팜에서 진행해주신 노로오름 트레킹과 유기농밥상 체험기를 마치겠습니다 - 여러분들의 제주여행 계획에 이 포스팅이 도움이 되었으면 좋겠습니다 ! 도심에 있으신 분들에게는 랜선 힐링의...,1.0, 물뫼힐링팜
66,66,"우리밀로 만든 옥수수 모양 빵과 말린 감귤칩귤말랭이, 감귤칩 넣어서 티로 우려 마실 수 있는 다회용 티백과 물뫼힐링팜 설명서, 연필, 이더라운드 스티커까지 집까지 들고 가는 힐링템 .. 너무 완벽해서 할말... ",1.0, 물뫼힐링팜
67,67,"제주에서 힐링체험을 하고 싶거나 신선한 여행을 해보고 싶다면 꼬옥 강추한다. 도민도 잘 모르는 곳이어서 도민들에게도 강추!!! 이더라운드에서는 아직 시즌1이 진행중이다. 물뫼힐링팜, 술도가 제주바당... ",1.0, 물뫼힐링팜
68,68,물뫼힐링팜의 치유 프로그램에 참여하였다. 농장 대표인 양희전씨는 15년 전부터 유기농으로 농사를 지으며 치유 농장을 운영하고 있다. 오늘 프로그램은 서귀포 농업기술원의 지원을 받은 가교에서 물뫼힐링팜...,1.0, 물뫼힐링팜
69,69,신기했던 물뫼힐링팜 유기농식탁 음식들 ! 엄마랑 먹으면서 맛있다를 남발하면서 먹었네용ㅋㅋㅋ 얼마만에 먹는 건강식인지 ㅠㅠ 매일 조미료와 배달음식에 쩔어있던 저에게 완전 힐링이였어요. 이런 제주...,0.0, 물뫼힐링팜
70,70,제가 어제 '세이브 제주 바다'에서 주관하는 제주 바다 정화 봉사활동을 다녀왔어요. 제주에 살면서 바다를 보러 가는 일이 참 많은데요. 바다에 가면 사실 눈에 보이는 쓰레기가 있지만 줍는다는 게 행동으로...,1.0,세이브제주바다
71,71,언니가 이번 제주 여행에서 이전부터 계속 얘기했던 바다 쓰레기 줍기 하자고 건의했다. 나는 완전 콜! 했다. 예약은 언니가 세이브제주바다 인스타에 있는 링크타고 했다고 했다. 우리는 월요일 (1/23) 오후 3시로...,1.0,세이브제주바다
72,72,제주도에는 다양한 단체들이 많이 있는데요. 그 중 대표적인 곳이 세이브제주바다니까 우선 인스타 팔로우부터 하시구요. 저처럼 정기적으로 올라오는 바다정화 활동 스케줄을 보고 참여하시는 방법이 있구요....,1.0,세이브제주바다
73,73,출처_세이브 바다 제주 인스타그램 ' 세이브 제주바다 '에서는 버려진 부표를 이용해 캠핑 박스를 만드는 사회사업도 진행하고 있습니다. 때마침 이번 정기 활동은 친구들 집 근처 사계 해변에서 열렸습니다...,1.0,세이브제주바다
74,74,이번 포스팅은 '세이브제주바다(savejejubada)'이야기이다. 제주를 여행하면서 제일 많이 보고 제일 많이 감동 받았던 존재. 바로 '바다'. 제주 한달살이 끝을 달리면서 생각을 곰곰히 했다. 한달동안 제주는 나에게...,0.0,세이브제주바다
75,75,근데 화보같다 ㅋㅋ 김녕바다 너무 이뻐ㅠㅠ 와 바위틈에서도 열일하는 우리친구 우리 애기들!... '라고 사르트르는 말하지 않았던가! ⬇️ 세이브제주바다 공식 인스타그램 세제바 화이팅! 제주바다 화이팅!,0.0,세이브제주바다
76,76,즐겁게 봉사하고 마치고선 또 같이 소회를 나누는 사람들이 있다. 쓰레기에 대해 이렇게나 할말이 많았다니? 친구랑 같이 하면 이렇게 놀듯 쓰줍 할 수 있구나. #노는게제일좋아 #세이브제주바다 #savejejubada,1.0,세이브제주바다
77,77,"세이브 제주 바다는 제주도 바다의 쓰레기 줍기와 재활용, 업사이클링, 환경 교육 등을 하는 단체에요.... 내가 놀고 우리 아이가 수영하는 바다가 깨끗했으면 합니다. 내년에도 그 다음 해에도 저는 제주바다에서... ",1.0,세이브제주바다
78,78,제주 바다를 청소하는 것은 하나의 바다로 이어진 전세계 모두를 위한 작지만 소중한 첫 걸음입니다. 비영리법인 세이브제주바다 대표 한주영 한주영 대표는 제주도 북동쪽 해안 마을에서 나고 자랐습니다....,1.0,세이브제주바다
79,79,"롯데호텔 제주와 연결되어있는 중문 색달해변에서 시원한 바람을 맞으며 산책도 즐기고, 제주 바다... ▼▼ LINK 롯데호텔 제주, 세이브 제주바다와 함께하는 행복한 여행친환경 캠페인 도움이 되었나요?... ",1.0,세이브제주바다
80,80,바로 디프다 제주인데요. 제주도나 제주시가 나서서 해결해야 할 문제를 민간단체가 하고 있는 거죠! 디프다 제주가 대단하다는 생각도 들고 이런 문제를 눈 감고 있는 관이 답답하게 느껴지기도 합니다....,1.0,디프다제주
81,81,우리 동네 청정제주 지키기 디프다제주 봉그깅대회 두 달전 9월의 #한림항 거의 사막에서 모래를 줍는... 발견하시고 디프다에서 봉그깅을 모집해서 가게됐다. [클릭] @디프다제주 인스타그램 디프다제주...,0.0,디프다제주
82,82,봉그깅마시깅 캠페인 봉그깅은 ‘줍다’의 제주어 ‘봉그다’와 플로깅의 합성어로 디프다제주의 해양쓰레기 수거 캠페인입니다 디프다제주 봉그깅마시깅 #디프다제주 #봉그깅마시깅 #봉그깅 #플로깅...,0.0,디프다제주
83,83,"Climate Crisis and the Ocean 주제로 진행되는 H.eco Forum SESSION 3 인간과 바다 버려진 것들, 다시 함께해야 할 것들 이번에 소개할 연사는 디프다제주 2018년부터 제주 바다를 돌며 물속은 물론 해안가에 버려진... ",1.0,디프다제주
84,84,난 맛있게 먹었는데 맛없다는 사람들도 있다 제주에 있는 섬들은 마음대로 들어갈 수가 없다 늘 해녀들과 마찰을 빚는데 너무 아쉽다 #헤양정화#디프다 #플로빙코리아#줍깅 #제주바다#마라도바다 #바다쓰레기,1.0,디프다제주
85,85,그냥 쓰레기만 주워도 너무 의미있지만 디프다 제주 라는 제주 해양쓰레기 수거 단체에서 '봉그깅 마시깅' 이라는 캠페인을 하고 있다는 걸 알게 됐다. 준비 완. 다 쓰고 집게와 장갑 반납 필수 봉그깅 하는...,1.0,디프다제주
86,86,제주맥주공장' 후기는 다음 포스팅에서 공유할게요 꼭 방문해 보고 싶은 '제주맥주' 공장을 이렇게 방문했네요 제주 환경보호에 대한 필요성을 느끼게 해주신 #마이리얼트립 #디프다 #세이브제주바다...,1.0,디프다제주
87,87,세이브 제주 바다를 통해 디프다 제주(@diphda_jeju)를 알게 되어 디프다를 통해 플로깅 하기로 결정! 제주 각 지역에 위치한 카페들과 연계를 맺고 비치 플로깅을 운영하는것 같다. 나는 운이 너무 좋게도 숙소...,1.0,디프다제주
88,88,디프다 고래별자리의 가장 빛나는 별의 이름 디프다 제주 홈페이지 디프다 는 제주에서 만들어진 단체인 만큼 봉그깅 이라는 단어를 사용하고 있어요 '봉그깅' 단어가 매우 낮설긴하지만 친근하고 느낌있지...,0.0,디프다제주
89,89,2022 제주플러스 국제환경포럼을 기념하여 사계해변에서 '다함께 봉그깅' 참여가 있었습니다 봉그깅은 줍다의 제주어 '봉그다'와 '플로깅'의 합성어로 디프다제주의 해양쓰레기수거 캠페인 입니다 요즘 해류...,1.0,디프다제주
90,90,"클린올레봉투를 수거해와서 안덕계곡 주차장에 있는 안덕면 재활용도움쎈터에 버렸다. 일반쓰레기로... 더러운 플라스틱 병,캔,기타 쓰레기가 뒤섞여 도저히 분리배출 불가능했기에... . . . 이곳 제주올레9코... ",1.0,제주올레 클린올레
91,91,하논분화구 제주도에서 드물게 논농사가 가능한 하논분화구 지난 가을에 왔을 때와는 또 다른... 클린올레 참여 방법  제주 올레길 26코스 완주 제주올레 명예의 전당   ⓒ2022. picbyjina all rights reserved *이...,1.0,제주올레 클린올레
92,92,몰질 : 말이 다니던 길 고려시대 제주 서부 중산간 지역에서 키우던 말들을 대평포구에서 원나라로... 제발 버리지말자ㅠ 클린올레를 끝으로 제주올레덕후생활 이벤트 알려주신 올레안내소! 배고퐈서 짧은...,0.0,제주올레 클린올레
93,93,"올레완주증 나는 2021년 3월 159번째 완주자가 되었다 지난번에는 제주올레의 상징! 바다색인 파란색 완주메달을 받았기에 이번엔 제주의 귤색을 의미하는 주황색메달을 선택! 그래서 파랑,주황, 연두색... ",0.0,제주올레 클린올레
94,94,"역올레, 클린올레를 이렇게 마무리했습니다. 올레8코스, 오르기 싫었던 베릿내 오름이 제일 좋았습니다. 베릿내오름 정상까지 올라가는 그 길이 좋았습니다. 월평아왜낭목 쉼터에서 스탬프 찍고 제주올레여행자... ",1.0,제주올레 클린올레
95,95,#제주올레 #제주올레1코스 #클린올레 #제주올레아카데미심화과정15기 #동기함께걷기 # 알오름업사이클링의자 #종달아구찜 #산티아고표지석 2023년 1월 8일 일요일 오르막:말미오름.알오름. 그리고 평지랑...,1.0,제주올레 클린올레
96,96,제주올레 이야기 클린올레하는 제주올레2코스 '제주EM레몬농장'에서 클린올레하는 제주올레2코스를 소개합니다. 올해들어 처음하는 클린올레 2코스 첫스타트는 광치기 해변에서 사진을 찍고 시작...,0.0,제주올레 클린올레
97,97,슬램덩크 영화보려고 예약했던 걸 취소하고 급 올레길 걷기로 결정했다. 제주시에서 차 가지고... 출발해볼까낭 제주올레여행자센터 앞에서 인증샷 클린올레 하려면 시작점 앞에서 봉투들고 찰칵해야한다....,1.0,제주올레 클린올레
98,98,"코로나 때문에 외국인, 특히 중국인들이 오지 않아 그나마 다행입니다. 들어보니 제주주민들의 불만이 이만저만이 아니다. 제주올레길을 걸으며 쓰레기를 줍는 클린올레팀들. 이분들을 따라 토산산책도 지나... ",1.0,제주올레 클린올레
99,99,#애니의느린일상 #제주가볼만한곳 #제주올레 #올레20코스 #구좌읍 #김녕포구 #하도해녀박물관 #등산 #트레킹 #세화오일장 #도대불 #광해군기척비 #벵듸 #제주돌담 #클린올레 #월정리,1.0,제주올레 클린올레
100,100,"그리고 함꼐했던 그분은 지구별 약수터 캠페인에 참여하고 계신 대표님이셨다. 대표님으로부터 짧은... 지구별 약수터 캠페인에 함께 참여할 수 있다. 부표는 우리나라 것, 다른 나라에서 온 것이 있는데... ",1.0,지구별약수터
101,101,"그룹 '지구별약수터' 대표 게시물 아래 댓글로 기록해주셨습니다! 챌린지 인증 댓글 중 챌린지는 총 5단계의 목표를 두고, 참여자가 직접 목표를 설정하고 시작했습니다. [목표 단계] -지구별곰탱이(1단계)... ",1.0,지구별약수터
102,102,"지구별 약수터 챌린지! 이런 내용의 인스타 게시물을 보고 신청하지 않을 수 없었다. 무엇보다 큰 장점은 단계를 나눠 놓았다는 것. 지구별 곰탱이인 생수병 안쓰기 부터 생수병, 일회용컵, 빨대, 비닐봉지... ",0.0,지구별약수터
103,103,대전 원도심에 새로운 약수터가 생기고 있습니다. 대전사회혁신센터는 지금 대전 중구 선화동에 있는 가게와 기관 중에 지구별 약수터를 모집하고 있습니다. 선화동 지구별 약수터 중의 한 곳인 ‘책방보다’...,1.0,지구별약수터
104,104,지구별약수터는 ‘약수터’로 지정된 가게에 텀블러를 갖고 가면 무료로 식수를 받을 수 있는 캠페인이에요. #지구별약수터 #지구별약수터 #제주용기 어제 이경아 대표님이 오셔서 이런저런 이야기 나누며...,0.0,지구별약수터
105,105,"지구별약수터 캠페인 플라스틱 생수병의 소비를 줄여보자는 취지의 캠페인으로, 개인 물병만 있다면 누구나 '지구별 약수터'로 지정된 제주도 내 식당, 카페 등에서 자유롭게 식수를 제공받을 수... ",1.0,지구별약수터
106,106,"챌린지 내용을 기록할 지구별챌린지 다이어리는 매일 저녁 8시 30분에 페이스북그룹(인스타그램) 지구별약수터에 게시된다. 5. 지구별챌린지 다이어리에 자신의 도전 결과(성공, 실패 여부)를 댓글로... ",1.0,지구별약수터
107,107,"이밖에도 '지구별약수터'는 △지구별키즈 △약수터사잇길걷기 △약수터공연 △약수터플로깅 등의 캠페인으로 확장, 운영됨으로써 보다 다양하고 체계적인 환경운동으로 나아가고 있기도 하다. 지구별... ",1.0,지구별약수터
108,108,지구별 약수터란? 제주도에서 생수병 플라스틱을 줄이기 위해 2019년부터 진행되고 있는 캠페인입니다! 이번 2023 경주벚꽃축제에서 발생하는 쓰레기를 최소화 하고자 지구별 약수터 캠페인과 함께합니다!...,1.0,지구별약수터
109,109,것' 지구별챌린저91에게는 친환경 생활용품이 기념품으로 제공되거나 챌린저의 이름으로 매일 500원씩 기부되어 지구별약수터 캠페인에 참여하는 매장들의 친환경 이벤트에 이용된다. ☆ 플라스틱...,1.0,지구별약수터
110,110,아토르 재주좋아 거품입욕제 아기도 사용할 수 있는 천연입욕제 추석 연휴동안 이제 막 돌을 지난 조카가 머물다 갔다. 낯가림을 시작해서 나를 자꾸 밀어내지만 그래도 첫조카라서 얼마나 사랑스러운지...,1.0,재주도좋아
111,111,만족하고 즐기고 온 것은 #재주도좋아 의 #바라던바다 행사. 이런 바다에서(일단 파란 바다와... 나누기 좋아하는데 그냥 해변에서는 갑자기 그냥 다른 이들에게 말걸 때 냉랭하거나 좀 민마안 경우가 많은데 ㅠㅠ...,1.0,재주도좋아
112,112,그리고 향한 반짝반짝 지구상회(재주도좋아) 평소 업사이클링에 매우 관심이 많았었는데 인스타 보다가 재주도 좋아를 알게되었다 바다의 버려진 유리로 업사이클링하는 공방이었다 !(겸 판매도 한다) 숨니카와...,1.0,재주도좋아
113,113,그래서 '재주도 좋아/ '재주도'좋아 두 가지 의미가 모두 팀 이름에 담겨있어요. 아름다운 제주도가 잘 보존되길 바라는 마음을 십분 이해할 수 있어서 나는 어떤 여행을 해야 할까 다시 보게 되더라고요. 04. 체험...,1.0,재주도좋아
114,114,"재주도 좋아'가 위치한 반짝반짝 지구상회 저희는 제주도에 있는 '재주도 좋아'에 방문 후, 직접 체험을 진행하고 왔습니다!(2020년 9월) 재주도 좋아에서 화분, 모빌 만들기 체험을 하였는데 그럼 그 내용들을... ",1.0,재주도좋아
115,115,"((오히려 좋아)) 그리고 #ABC마트 크록스를 샀다. (오빠가 사준) 귀여운 내 지비츠들 ♡ #더글로리... 더글로리도 보고, 내가 제일 좋아하는 젼 계장님도 뵙고 ~ 오히려 좋앙 여차저차 리모트로 비행기 탑승 ! 원래... ",1.0,재주도좋아
116,116,아무리 물어봐도 대답도 없고 방석 안이며 (여기다가 지 좋아하는거 잘 숨기거던요.) 거실 카페트... 진짜 재주도 좋아요~!!! 옷 손상없이 구멍만 남아있으니 분명 브로치를 열어서 뺀건데 야~ 너 막 나...,1.0,재주도좋아
117,117,"향기좋은 천연입욕제 재주좋아, 거품목욕할 때 너무 좋아 안녕하세요 ( *ฅ́˘ฅ̀*) 오늘도 돌아온 입욕제 리뷰 ! 아니아니,, 이거 진짜 넘 좋으니까 얼른 리뷰할게요,, (사실 협찬이에요) 얼마 전에 바디워시를... ",1.0,재주도좋아
118,118,"알게된 재주도 좋아! 해피빈의 '가볼까'코너는 로컬 기업과 지역 주민, 여행자를 연결시켜주는... 여봉봉도 나도 사부작 사부작 뭐 만드는걸 워낙 좋아하고, 연애 때에도 종종 원데이클래스로 이것 저것 많이... ",1.0,재주도좋아
119,119,해외에서 직접 만든 친구들로 가득하다 몇년 전부터 오고싶었던 톰톰카레  카레 무진장 좋아하는 나... 제주에요 사실 임시저장 되있던 글인데요 히히 .. 2023년 올해는 가족과 함께 가는걸루!  제주는 재주도 좋아요,0.0,재주도좋아
120,120,제주 환경체험교육 첫번째인 업사이클 분야는 바다쓰기 대표 김지환 작가님이 수석강사로 초대되어... 다음으로 업사이클링 지구아껴쓰기 이론 교육으로 현재 제주바다의 상황과 밀려오는 쓰레기의 심각성에...,1.0,바다쓰기
121,121,"제주환경전시회 인류세, 제주의 흔적 바다쓰기 김지환 작가의 세번째 개인전 산지등대... 바다에 떠밀려온 쓰레기로 이런 창의적인 작품을 만들 수 있다는 거, 쉽지 않은 일인데 역시 작가는 따로 재능을 타고... ",1.0,바다쓰기
122,122,"2023 더할 나위 없는,우리 행사.카페성지 무료커피 마시고 헌옷 물물교환 하러 가자.환경예술공간 바다쓰기.제주도 행사. 일시 : 2023년 3월 25일 토요일 오후 2시 장소 : 환경예술공간 바다쓰기 (애월읍 하귀1길... ",1.0,바다쓰기
123,123,"바다 생태계 보호를 위해 노력해야 할 점과 그 중요성에 대하여 생각해 봅니다 쓰기 전에 전체적인 개요를 생각해봐요 서론, 본론, 결론에 넣을 내용을 대략적으로 생각해 봅니다. 서론 문제상황 -문제제기 -주장... ",1.0,바다쓰기
124,124,바다쓰기 업사이클링체험활동 인천서구 생태전환예술학교와 함께한 씨글라스액자만들기 안녕하세요... 아이들은 꽃이나 나무같은 식물을 꾸미기도 하고 바다속 물고기나 동물들을 선택하기도 합니다. 같은...,1.0,바다쓰기
125,125,#5월 #아동극 #가정의달 #관악어린이창작놀이터 #예술로상상극장 #종로아이들극장 #바다쓰기 ※해당... 과도한 디지털 매체의 노출로 한글과 글쓰기의 중요성을 잊은 성인에게도 시사점을 제시한다. 극은...,1.0,바다쓰기
126,126,"호아 선생님과 리프레시한 요가 수련을 통해 새로운 삶의 활력을 되찾아보시고, 제주의 푸른 바다를 지키기 위해 매일 바다쓰레기를 줍고, 예술 작품으로 승화시키는 바다쓰기, 김지환 작가님과 함께!... ",1.0,바다쓰기
127,127,"[다큐멘터리 3일] 하루에 딱 3번 운행하는 여객선뿐인 곳에 찾아온 봄바람, 섬마을 바다쓰기 - 서산... 이 섬은 가로림만의 중간 지점에 위치해 다른 지역보다 잔잔한 바다를 가졌다. 그래서일까, 고파도... ",1.0,바다쓰기
128,128,남파랑길은 대체로 남쪽 바다에 맞닿아 있습니다. 하지만 마지막 90코스는 미황사라는 산속의 절에서 시작되어 도솔암이라는 암자도 통과하지요. 물론 산속의 길을 걸을 때에도 해남의 바다를 계속 볼 수...,1.0,바다쓰기
129,129,아트플랫폼 한터울과 포항예총에서 주관하는 포항 한달살기 프로젝트 '바다쓰기'를 참여하게... 황금빛 물결치는 포항의 또다른 바다를 만났습니다. 마트에 갔다가 돌아가는길 잠시 그쳤던 비를 만났습니다....,1.0,바다쓰기
130,130,글로벌신재생 에너지 프로젝트 개발 기업인 바이와알이(BayWa r.e.)가 배양호 전 한국수력원자력... 바이와알이 아태 지역 본부장 다니엘 게프케는 “배양호 대표가 보유한 관련 분야의 풍부한 경험과 인적...,0.0, 알이 Re
131,131,부산 카페중 맛있는 디저트와 음료 가비성 갑인 부산시청 연산동 cafe in R.E~~ 카페 인 앓.이 가기로 했당^^ #부산카페인앓이알이#부산카페앓이#부산시청cafe in RE#부산카페#부산디저트음료카페...,1.0, 알이 Re
132,132,"We are recruiting a Solar Project Developer for our office in Seoul, Korea. Do you want to be a pioneer at the forefront of a renewable energy industry that never stops evolving? Join... ",1.0, 알이 Re
133,133,병원선크림 알이선(RE.sun) 촉촉해서 좋아 집에서 사용중이던 선크림을 다써가서 이번에 추천받은 병원선크림을 한번 사용해 보았어요 시중에 정말 다양한 종류의 선크림이 많은데 시중에 파는 것보다 병원에서...,1.0, 알이 Re
134,134,피부과선크림 - RE.sun 알이선 모이스처 에센스 선 여름뿐만 아니라 사계절 내내 꼭 발라주어야 하는 선크림! 알이선 모이스처 에센스 선은 각질이 들뜨거나 당김이 느껴지는 건조한 피부를 위한...,1.0, 알이 Re
135,135,요즘 보송한 마무리가 아무리 대세라지만 건성인 저에게는 너무 매트하거나 뻑뻑하게 느껴지는 선크림도 있어서 그런 제품을 덧바르게 되면 밀리고 떡이 졌었거든요 Re.sun(알이선) 선크림은 3중...,1.0, 알이 Re
136,136,"re 알이마스크팩 5개입 46,200원 이전 리뷰에서도 알려드렸쥐만ㅎ 피부과에 납품되는 병원화장품 , 피부과화장품 re제품 요 마스크팩은 리얼 스페셜 케어로 딱 좋은, 손상된 피부를 재빨리 재생시키고 예민한... ",1.0, 알이 Re
137,137,바로 RE.sun 알이선 모이스처 에센스! 일명 '병원선크림'으로 유명한 아이라 기대감이 나름 있었어요. 산뜻하다고 해서 정말일까?라는 생각으로 사용해봤는데 웬걸~ 완전 산뜻하고 촉촉하고 *_* 아이도 함께...,1.0, 알이 Re
138,138,ㅠ 그래도~ 맛있으니까! ㅋㅋㅋ = 성남시 분당구 야탑동 리더스빌딩 114호 비스트로 알이(BISTRO RE) 031-709-1222 야탑 고속버스터미널을 지나 코리아디자인센터 방면으로 걸어오시다 보면 있어요!!,1.0, 알이 Re
139,139,피부과선크림 좋다는건 다~ 알지만 정작 어떤 제품을 써야할지 잘 몰랐었는데 이번에 알이선(RE.sun) 피부과선크림을 만나고 난 뒤 선크림 걱정은 이제 안녕하기로 했어요! :) 실제 피부과에서도 만나볼 수 있는...,1.0, 알이 Re
140,140,지난 크리스마스에는 부여카페 '책방 세간'을 방문했어요. 일전에 알밤치즈케잌 포장했던 적이 있어서 익숙하게 잘 찾았습니다. 부여 자온길 책방 세간을 방문할 때 근처 보건소 앞에 넓은 주차장에 주차를 하고...,1.0,세간
141,141,부여카페 분위기 좋은 책방세간에서 부여데이트 글/사진 하은정원 안녕하세요. '나'라는 정원을... 책방세간 충남 부여군 규암면 자온로82 11:00-19:00 화 휴무 화요일에 휴무를 갖는 탓에 일정을 당겨 월요일에...,1.0,세간
142,142,"가을 부여 여행중 좋았던 곳 책방세간 기록 내가 갔던 부여 여행 코스는 낙화암 산책(3년 젊어진다는 고란사 고란약수) - 굿뜨래음식문화거리 연잎쌈밥 - 책방세간(지도 참고) 이외에도 비행 열기구, 백마강... ",1.0,세간
143,143,소소한 세간들도 함께 치워 달라고 하더군요 그렇게 저희 대전유품정리 작업 식구들과 약속한 날짜와... 공간의 세간을 정리 하는게 쉬운 일을 나닙니다 중고따로 고물따로 이것따로 저것따로 상담받고 견적내고...,1.0,세간
144,144,"그룹 세간의 '자온길' 프로젝트로 인해 마을에 예쁜 카페와 서점, 게스트하우스 등이 생기면서... 서고 책방 세간 우리의 목적지는 바로 이곳 부여 규암면 자온길 책방 세간 이곳 책방 세간이 자온길에서 가장... ",1.0,세간
145,145,부여서고 / 책방 세간 부여 백마강변 규암면에 자리한 부여서고와 책방 세간. 편집샵인 부여서고는 오늘 문이 닫혀있었고 책방 세간에 들어서니 자온길에 대한 리플렛이 있어 살펴보았다. · 주소 ㅣ 충남...,1.0,세간
146,146,부여 가볼만한곳 책방세간은 말 그대로 책을 파는 서점이자 커피를 파는 카페도 겸하는 곳이다. 부여... 책방세간이라고 한다. 담배라고 적힌 통과 북이 적힌 상자가 정겹게 느껴지는 곳. 시골집을 개조해서 만든...,1.0,세간
147,147,두 번째 방문 때 들어갔던 책방세간 이곳의 트레이드 마크는 바로 이 담배 은박 속지 규암마을에는... 우리의 첫 번째 방문지는 서점이자 커피를 판매하는 책방 세간이다. 세간은 리빙라이프 회사의 이름인데...,1.0,세간
148,148,"제1회전통한복, 세간에 화제/ 뉴스아이이에스 2022.04.26. 16:36247 읽음 제1회 전통한복대전에서 화려한 한복 패션쇼 눈길 조낭경 대표, 스토리가 있는 기획·연출·한복 디자이너로 모델들과 세간에 화제... ",1.0,세간
149,149,"판가름날 전망”이라며 “양측의 지분 대결이 벌어질 가능성이 큰 상황”이라고 말했다. *******@**********.*** 화성산업, 창업주 2세간 경영권 분쟁 ‘심화’…주총서 지분대결 예상- 헤럴드경제 (heraldcorp.com)",1.0,세간
150,150,#제주창업체험교육지원센터 #재능기부센터꿈썸멘토 #도담스튜디오 #청년창업가 #블루가든 #플로깅 #꿈썸멘토 #체인지메이커제주 #병뚜껑모으기 #쓰레기가아닌자원,1.0,도담스튜디오 팹랩제주
151,151,가방등등 도담스튜디오 제주도에 환경문제에 대한 공감대를 형성하고 해결방안을 실행하기 위해... 다음 주 일정으로 미리 예약해두시고 다녀와보세요 ^^ 소길별하 #소길별하 #제주 #효리네민밥 #삼다수glow...,1.0,도담스튜디오 팹랩제주
152,152,"‘농업회사법인(주)짓다’ 등 3개 팀이 선정됐고, 지역특화관광 분야에선 동문재래시장을 활용한... 기념품 ▲도담스튜디오=제주 폐플라스틱을 활용한 제주 업사이클 브랜딩 ▲플래닛제주=로컬크리에이터와... ",0.0,도담스튜디오 팹랩제주
153,153,"(현장포커스) 제주민속오일장에서 열린 환경의 날 행사장에서 만난 이모저모 살펴보니 http://www.newsje.com... 주신글로벌테크(주), 도담스튜디오 등 업체가 직접 나와 제대로 분리배출 된 플라스틱 자원이 어떻게... ",1.0,도담스튜디오 팹랩제주
154,154,"이들은 8월부터 제주도 내에서 직접 생산할 계획에 있다. 앞서 업사이클 챙심 및 부자재 생산하는 업체는 (주)도담스튜디오가 유일하기에, 몇몇 브랜드들이 ㈜도담스튜디오가 개발한 소재에 관심을... ",1.0,도담스튜디오 팹랩제주
155,155,삼성여자고등학교 #제주특별자치도교육청 #체인지메이커워크북 #오늘도즐겁다 #유현경콘텐츠다 #도담스튜디오 #팹랩제주 #꿈썸멘토 #삼성여고짱 #나자신이콘텐츠다 #교육플렛폼 #행복을주는아이들,1.0,도담스튜디오 팹랩제주
156,156,체인지메이커캠프 #렛츠챌린지 #기업가정신 #제주청년예비창업가보조강사 #중문고등학교 #제주특별자치도교육청 #체인지메이커워크북 #오늘도즐겁다 #유현경콘텐츠다 #도담스튜디오 #팹랩제주 #꿈썸멘토,1.0,도담스튜디오 팹랩제주
157,157,번호사업체명주소연락처업종1주식회사 피플밤제주특별자치도 제주시 삼도이동 ******-****-****2(주)... 밝은전기조명할인마트062****58109(주)스튜디오나무서울특별시 동작구 사당동...,1.0,도담스튜디오 팹랩제주
158,158,"만들기' 도담스튜디오 : 플라스틱 병뚜껑으로 액세사리 만들기 핸드메이드라이프 : 제로웨이스트숍 나닛 : 비치코밍 소품 제주클린보이즈클럽, 제주푸른컵 비건책방제주, 지구별약수터, 활랩 사람들이 앉아서... ",1.0,도담스튜디오 팹랩제주
159,159,"구매법 · 주 : 제주 칠성통 원도심을 기반으로한 제주 동문시장 이용객의 주거(새벽 도깨비시장) 진행 : 한미정 (도담요리스쿨 대표, 스튜디오담음 강사) 진행 : 이희준 (전통시장 도슨트, ㈜어반플레이 콘텐츠... ",1.0,도담스튜디오 팹랩제주
160,160,이전에 제주바다를 지키는 '제주클린보이즈클럽'을 소개해 드린 적 있었는데요. 기억하시나요? 제주클린보이즈클럽 소개 포스팅 보러 가기 오션나우가 제주클린보이즈클럽과 함께 그들의 놀이터...,0.0,제주클린보이즈클럽
161,161,#제주클린보이즈클럽 #제주바다정화 #제주해안정화 #바다쓰레기줍기 #쓰줍 이번 제주여행에서는 멋있는 활동을 하고 있는 #제주클린보이즈클럽 분들과 함께 해안정화 활동인 제주 바다에서 쓰레기 줍기를 했다....,0.0,제주클린보이즈클럽
162,162,": 그렇지? 앞으로 우리는 더 재밌고, 멋진 일들을 하는 크루들이 될거야! 우리 활동을 기대해도 좋아! #제주도 #제주 #해양쓰레기 #플로깅 #제주클린보이즈클럽 #푸른컵 #다회용컵 #텀블러 #애월 #애월중학교",0.0,제주클린보이즈클럽
163,163,"제주 클린보이즈클럽, 아침마다 쓰레기 줍는 청년들! 출처 : 양서영 인재기자",0.0,제주클린보이즈클럽
164,164,"제주클린보이즈클럽 지난 20년 10월 제주바다를 지키기 위해 청년들이 뭉쳤습니다. 바로 '제주클린보이즈클럽'인데요. 제주클린보이즈클럽의 멤버들은 '우리의 놀이터, 제주바다를 지키자' 슬로건을 가지고... ",1.0,제주클린보이즈클럽
165,165,제주에 살아가는 사람들에게 해양쓰레기 문제는 더 이상 남의 일이 아닙니다. 당장 동네 앞바다에도... 제주클린보이즈클럽 클린보이즈 걸즈의 바람이 이뤄지길 바랍니다. 쓰레기 안보이는 그날까지 고고씽!...,1.0,제주클린보이즈클럽
166,166,제디프다 제주 @diphda_jeju 플로빙코리아 @ploving_kr 제주클린보이즈클럽 @jejucleanboysclub 제주환경운동연합... ^^ #제주바다#제주여행#세이브제주바다#비치클린#제주비치클린#김녕해수욕장#쓰레기를버리지마세요...,0.0,제주클린보이즈클럽
167,167,아닌 제주 클린 보이즈 클럽의 수집품으로서 새로운 가치를 부여받노 제각기 나름의 스토리를 갖게 된다고 해요. 전 세계 곳곳에서 제주도까지 온 쓰레기들은 해양 쓰레기 문제가 지구촌 모두가 같이 해결해야...,1.0,제주클린보이즈클럽
168,168,#제주 #제주책방 #책방추천 #책방코스 #책방탐방 #서점추천 #고요산책 #바라나시책골목 #나이롱책방... '제주클린보이즈클럽'은 매일 아침 7시반 조천에서 비치클린 활동하신다고 하셨어요. 제가 있는 숙소와...,1.0,제주클린보이즈클럽
169,169,해양 봉사활동 단체 디프다제주 @diphda_jeju 세산 @segan_jeju 세이브제주바다 @savejejubada 앤드유카페 @andyucafe 재주도좋아 @jaejudojoa 제주클린보이즈클럽 @ 플레이플라 @letsplaypla 핫핑크돌핀스 @hotpinkdolphins...,0.0,제주클린보이즈클럽
170,170,고려대학교 평생교육원 명강사과정 동기이신 김동호 한라마을작은도서관 관장님의 초대로 제주에 왔습니다^^ 제주 여행 중 꼭 한 번 들리면 좋은 곳입니다! 제주의 역사와 문화를 한 눈에 확인이 가능합니다...,1.0, 한라마을도서관
171,171,"●한라산과 성산일출봉 퍼즐게임ᆢ제22회차~~~^^ ●제주상상퍼즐게임ᆢ제23회차~~~2021, 12, 19. ●좌측... 김정민좌장ᆢ삼양동 한라마을작은도서관 전시회. ●제주 현무암의 공로자~~~김구판관의 진영. ●팔마... ",1.0, 한라마을도서관
172,172,한라마을 작은도서관 (구)제주민속박물관 우진제비와 세미오름을 다녀오는 길에 쉼드림게스트하우스... 또한 성읍 민속마을같은 '관광지'는 민속박물관의 좋은 의도가 여행사나 식당들의 상술에 퇴색되어...,1.0, 한라마을도서관
173,173,제주도 방송대 부동산마케팅아카데미 장소 일로 한라마을도서관 관장 김동호 선배님 찾아뵈었습니다. 제주도 한라마을도서관의 김동호 방송대 법학과동문선배님께서 관장이신데 여기를 제주도 방송대...,1.0, 한라마을도서관
174,174,제주노래강사 양성과정 한라마을 작은도서관 홍병식교수 김영희 이나권 류해자. 박경선 진현미 강사 행복리더 오정선아자아자 !! 화이팅강사진 사진입니다 저는제주 인사소개와 함께 !!스트레징으로. 몸플기...,1.0, 한라마을도서관
175,175,주관:사)국제평생학습연합회 한국웃음치료연구소 제주시 #한라마을작은도서관 에서 진행 이소진 소장님 오정선제주지부장 이현정강사 진행요원으로 준비완료 조정문 대표님의 소개로 노인건강운동...,1.0, 한라마을도서관
176,176,"제주 한라마을작은도서관에서 사단법인 국제평생학습연합회, 한국웃음치료연구소 주관으로 실버건강관리사, 치매예방교육 자격증과정을 진행하였습니다 제주, 서귀포지부에서는 매월 4째주 토,일요일 09:00~18... ",1.0, 한라마을도서관
177,177,한라 업사이클 아트 문화축제 한라마을 작은도서관에서 지역주민들과 다문화가족이 함께하는 문화축제를 통하여 공동체 의식을 함양하며 홍익인간으로서 가치 있는 삶을 살아 가는데 디딤돌을 만들어...,1.0, 한라마을도서관
178,178,"양정원 님! 함께 못해 죄송합니다. 창단을 축하드리며, 오늘 창단공연 성황리에 잘 마무리되길 기원합니다. 한라마을작은도서관은 삼양 제주민속박물관3층에 위치합니다. 제주민속박물관 : 제주시 일주동로 293-1",1.0, 한라마을도서관
179,179,제주도가고싶은곳 한라마을 작은도서관 제주도 여행을 가시나요 한라마을 작은 도서관에 가보세요 문화와 예술을 느낄수 있는 멋진 장소이네요 한국노래강사협회는 이곳에서 제주도 노래강사자격증과정을...,1.0, 한라마을도서관
180,180,관심이 많거든요 ᆢ 제주착한여행투어 좋은것 같아요 ᆢ 언니랑 세대주님도 기대 안했는데 ᆢ 반응이 좋고 다음엔 다른 투어 신청해봐야겠어요 ᆢ #제주여행 #제주투어 #제주부부여행 #제주전통음료쉰다리,1.0,제주착한여행
181,181,제주마을여행이었다. 주민해설사 삼춘이 들려주는 이야기에 옛 추억까지 떠올린 것도 좋았지만 딸과 함께 추억하나 만들어서 행복하다. 제주 걷기 투어를 생각하고 계시다면 서귀포 월평마을로 제주착한여행 가...,1.0,제주착한여행
182,182,#동문시장근처 #동문시장인근가볼만한곳 #광해군 #제주원도심 #제주원도심시간여행 #고요산책 #구석구석제주책방올레 #올레길서점 #제주작은서점 #제주착한여행 #제주공정여행...,1.0,제주착한여행
183,183,제주다운 제주를 여행하다. 제주착한여행입니다! 제주착한여행에서 2023년 1월 12일 ~ 1월 13일 1박... 간단한 아이스브레이킹 후에 2023년 착한여행의 추진전략과 전략에 따른 각자의 역할에 대해서...,1.0,제주착한여행
184,184,우리가 알고 있지만 잘 모르고 있는 9가지 주제로 나누어진 착한제주여행 책 책 표지의 6명의 가족들은... 제주도를 지키는 착한 여행 이야기 저자 노수미 출판 썬더키즈 발매 2022.07.15. 출판사로부터 도서를...,0.0,제주착한여행
185,185,"이런 착한정보는 입소문이 많~이 났으면 하는 바램도 있답니다^^ 제주착한여행 홈페이지 입니다 기관/기업 대상 테마 별 제주도 워크숍 제주책방올레, 제주과학캠프, 신화기행 등과 같은 테마여행 정보도 있으니... ",0.0,제주착한여행
186,186,제주착한여행 프로그램 안내 이제부터는 제주착한여행의 기업과 여행 프로그램에 대한 안내를... 제주의 착한기업 착한 여행사 [제주착한여행]이 더욱더 활성화되고 성장할 수 있길 진심으로 응원 드리며...,0.0,제주착한여행
187,187,저도 다음 제주 여행을 갈 때는 꼭 텀블러를 지참하려고 2월 제주 여행을 마치고 온 후 캐리어 옆에 텀블러를 두었습니다. 나중에 급하게 챙기려면 잊어버릴 수도 있으니까요. 제주를 지키는 착한 여행법 첫...,1.0,제주착한여행
188,188,마을교육공동체 문화 활성화 및 네트워크 확대를 위해 마련된 이번 교육은 제주시 원도심에 자리한 제주착한여행자센터(제주시 중앙로12길 5) 교육실에서 진행된다. 마을교육공동체란 학교와 마을이...,1.0,제주착한여행
189,189,"내가 매주 목요일마다 듣는 이 교육은 #제주착한여행 에서 이번 교육을 기획해서 제주 교육청에 제안을 하고 선정이 된것이라고 한다. 제주착한여행에 도대체 뭐지? 싶었는데, #공정여행 이런 컨셉을 말하면... ",1.0,제주착한여행
190,190,이 글은 (주)제주생태관광에게 원고료를 지급받아 작성 되었습니다 Review 삼다수숲길 글 | 사진 지우 연락처 : 0507-1381-0727 주소 : 제주 제주시 조천읍 신북로 144 1~2층 운영 : 매일 10:00 - 19:00 휴무 네이버 공지...,1.0,제주생태관광
191,191,길 주위에 너른 풀밭과 돌담이 제주만의 감성을 마구 솟아나게 해주고 예쁘다 예쁘다 감탄하면서 제주생태관광 담당자님이 알려주신 에코액티비티 장소로 슬슬 걸어갔어요. 예쁜 풍경들 사진을 담고 싶지만...,1.0,제주생태관광
192,192,"사람들 많고 화려한 관광지, 관광 명소 찾아가는 여행도 좋다, 하지만 가끔은 제주 혼자여행으로 좀 특별하고 힐링할 수 있는 방법을 원한다면 추천하고 싶은 멋진 여행상품으로 제주생태관광에서 운영하는... ",1.0,제주생태관광
193,193,"마을협의체, 문화예술단체와 제주의 생태를 연구하는 단체 등이 참여했다. 도는 30일 지난해 곶자왈과 오름 등 생태관광 특화사업에 참여한 주민과 관광객 70명을 대상으로 △자연 생태계 인식 변화... ",1.0,제주생태관광
194,194,"머체'는 오름 내부의 용암이 굳어진 돌무더기 형태고, '왓'은 제주어로 '밭'을 의미한다고 한다. 문을... 정말 제주의 숲을 누비며 알차게 보낸 시간이 아니었을까 싶다. 아직 많이 알려지지는 않은걸까? 수업을... ",1.0,제주생태관광
195,195,"학교나 단체만을 대상으로 운영되어 왔는데, 코로나 이후 일상으로 돌아가는 단계에서 2023년 부터 제주도민과 개별 관광객을 대상으로 교육 및 투어 진행 예정이라고 해요. 제주도 자전거여행 2011년 설립된... ",1.0,제주생태관광
196,196,"제주다운 생태관광프로그램 시범운영을 꾸준히 진행해오고 있다. 올해 시범운영 프로그램은 탄소중립, 환경보전, 주민주도를 목표로 제주의 사계절 나무를 주제로 삼고, 생태전문가 이성권 저자가... ",0.0,제주생태관광
197,197,"머체왓 숲, 제주생태관광 편백숲 치유 프로그램 1. 운영 장소 : 제주도 서귀포시 남원읍 서성로 755 2. 상품 설명 1) 숲길 걷기 : 생태전문가와 동행하여 가장 제주스러운 숲길 걷기 2) 편백나무 숲에서의 힐링체험... ",1.0,제주생태관광
198,198,"생태관광은 해설사 선생님과 함께 동행할때 더 가치있는 생태여행이될 것입니다. 제주도 유명관광지에서 많은 사람들에 지쳤다면, 자연과 환경을 이해하고 가치를 발견하는 동백동산 생태관광은 어떻까요?... ",1.0,제주생태관광
199,199,생태관광지란 우수한 생태계와 자연경관을 갖춘 지역인데요. 생태관광은 자연보전 및 무분별한 환경 파괴 배제를 통해 환경의 중요성을 체험할 수 있는 친화적인 관광을 의미합니다. 자연생태관광지는...,1.0,제주생태관광
200,200,"제주에 내려온 지 얼마 안 된 풋내기 여행자이자 숲 해설가인, 길 위의 작가 cozy가 풀어내는 풋풋한 이야기. 이른 아침, 평화로움을 던져주는 제주올레 6코스 미명(未明)의 시간이 걷히고 어슴푸레한 빛이... ",0.0,제주평화여행자
201,201,코스 시작 올레길 정복의 첫 시작은 #올레7-1코스 서귀포버스터미널에서 시작해서 제주올레여행자센터... 무튼 멍멍이 따뜻한 햇살 아래 고요히 눈을 감고 낮잠 자는 모습을 보니 내 마음까지 평화로워 진다....,1.0,제주평화여행자
202,202,소라의 성 3.제주올래여행자센터 입니다. 총 길이는11kn로 약 3~4시간 소요됩니다. 전 11.4km 3시간 23분 소요되었구요. 쇠소깍다리 (하효동 1460) 올레 5코스 종점이자 올레 6코스 시작점입니다. 올레 6코스는? 평화올...,1.0,제주평화여행자
203,203,"이중섭거리 - 제주올레여행자센터 소요시간은 3~4시간, 난이도는 하라고 나와있는데, 다른 올레길들에... 오늘은 평화로워보이네요 눈알이 자유분방한 크기인 이 캐릭터가 송산동의 마스코트인가봅니다 (귀욤)... ",1.0,제주평화여행자
204,204,감성이다 제주 2일차의 평화로운 아침 급하게 올라가서 땀이 난 나는 한 번 더 씻고 준비하면서... 1인 여행자분들도 오셔서 4명이서 더 대화나눴어 ㅎㅎ 현대 제철소 다니시는 38살 (진짜 동안이셨다?) 삼촌?ㅎ...,0.0,제주평화여행자
205,205,60년이 흐른 해병혼탑은 전후세대들에게 전쟁의 아픈 역사와 함께 항구적인 평화의 메시지를 전하고... 제주 동문시장은 제주도 여행자들이 반드시 둘러보고 가는 필수 코스이다. 동문시장은 제주시 중심부에...,1.0,제주평화여행자
206,206,"당신은 제주의 아름다운 바다와 오름, 곶자왈, 사시사철 푸른 들과 정겨운 마을들을 지나 평화와... 자랑스러운 제주올레 도보 여행자입니다. 사단법인 제주올레 이사장 서 명 숙 이라고 직원분이 직.접.... ",1.0,제주평화여행자
207,207,"제주 홀로 여행자를 위한 따스한 안전가옥같은 #미로객잔 을 소개한다. 미로객잔은 제주 남부, 표선면... 아침에 일어나자 마자 보이는 평화로운 마을 풍경. 커튼부터 침구까지 주인장 내외가 손수 만든 것으로... ",1.0,제주평화여행자
208,208,"제주올레 6코스(쇠소깍~제주올레여행자센터), 11km, 22.04.25. 09:30~15:00(5시간 30분) 시내버스를 타고... 평화통일의 염원을 담은 '평화올레' 쇠소깍 풍경은 정말 아름답다. 사진에 감동을 담을 수 있으면 좋으련만... ",1.0,제주평화여행자
209,209,맛보기 평화롭게 풍경도감상했어요 용머리해안도가보았어요 전 몇번다녀와서 아들도 같이간줄알았는데 아들은 처음이더라구요 풍경이 넘아름다워서 계속사진찍기  아들과둘이 예쁜사진도 남겼어요:) 제주에...,1.0,제주평화여행자
210,210,31km 트레일이다. 이번 제주일정은 오로지 제로포인트 트레일만을 위한 것이기에 짐이 간단하다.... 제4인증지 신비의 도로쪽으로 이동을 하고 있는데 제로포인트 스태프 분들이 응원을 나오셨다. 아마도 다른...,1.0, 제로포인트트레일
211,211,설악 제로포인트트레일은 해발 0m에서 산 정상까지 오르는 프로그램을 말하며 씨투써밋 / 제로투 써밋 즉 무동력으로 산 정상까지 오르는 과정을 말합니다~~ 설악산편은 속초 영금정에서 시작해서 도심구간 15km...,1.0, 제로포인트트레일
212,212,^^ 끝이네요~ 이젠 이 기록을 캡쳐해서 스트라바 어플 내 제로포인트트레일 그룹 댓글에 등록하면 기록이 인정됩니다 어차피 제로스테이션을 바로 갈거라 저는 그곳에서 등록했습니다 완주 후 바로...,0.0, 제로포인트트레일
213,213,한라산을 오르는 새로운 방법 #제로포인트트레일 해발 0m 제주 해안가에서 시작해서 한라산 1947m... 31km 제로포인트 사무실(오리엔테이션 및 보급품 수령) - 용진교 - 제주시청 - 남국사 일주문 - 신비의...,1.0, 제로포인트트레일
214,214,제로포인트트레일⛰ 당신의 온전한 한 걸음의 시작 해발 0m - 1947m 백록담까지 온전히 내 발로 걷는... 등산스틱 양말(2개 신을 것!) 너무 너무 짧게 느껴졌던 제주 2박 3일 끝 !! #한라산 #백록담 #제주포인트트레일,1.0, 제로포인트트레일
215,215,왜냐하면 제로포인트 도전하는 날 3시에는 일어나서 준비해야 되기 때문에.. 같이 간 동생이랑 일찍... 하고 싶어서 했던 제로 포인트 트레일 색다른 경험이었고 나중에는 4계절 다 도전하고 싶은 프로그램이었다,0.0, 제로포인트트레일
216,216,"드디어, 총 32킬로 한라산 제로포인트 트레일 출발! 제로포인트 한라산을 완주하기 위해서는 지정해 준... 제주항 옆 용진교(출발 포인트) 오늘 나와 함께하는 도전자들이다. 총 4명으로 동갑도 한 명 있고... ",0.0, 제로포인트트레일
217,217,"등산로 입구에서부터 시작이 아닌 해발 0m 지점부터 정상까지 오르는 것에 매료된 나는 제로포인트 트레일에 신청하였다. 신청하고 티셔츠(반팔)+엽서+제로포인트메달+배지+손수건+ 또 뭐더라,,등등을... ",1.0, 제로포인트트레일
218,218,"도전의 용기를 가진 순간, 그리고 백록담에 오르기 위해 제로포인트 출발점에 서는 때가 가장 멋진... 2층 #제로포인트트레일 #제로스테이션 도착 짐 맡기고 사전 설명을 듣고 인증방법 체크 기념사진... ",0.0, 제로포인트트레일
219,219,걸었다 제로포인트 트레일에서 주신 인증샷 포인트들 옛날에는 버스나 씽씽이 같은거 타고 이동하신... 거의 남긴 사진이 없을 정도로 트레일 러닝하는 느낌으로다가 미친듯이 내려왔다 그리고 2시간만에 하산...,1.0, 제로포인트트레일
220,220,제주 팸투어 무장애여행 2박3일 일정 동안 다른 사람들과 함께하는 패키지 일정이기에 짜인 코스대로... ㅎㅎ 두리함께에서 오신 트래블 헬퍼 선생님들 트래블헬퍼란? 여행을 돕는 사람. 이런 분들이 함께 여행...,1.0,무장애 여행 두리함께
221,221,"상상우리x두리함께 무장애관광 트래블헬퍼 양성과정 참여자 모집 안내 무장애관광 트래블헬퍼(여행동반자)란 장애인, 노인, 임산부, 영유아동반가족 등이 장애요소에서 자유로운 관광을 위해... ",1.0,무장애 여행 두리함께
222,222,지금 두리함께 블로그의 무장애 여행 정보 카테고리에서 꾸준히 무장애 여행 지도와 관광지 콘텐츠가 업로드 되고 있으니 많은 관심 부탁드립니다! 그리고 하나 더 새로운 콘텐츠 예고! 새롭게 선보일...,1.0,무장애 여행 두리함께
223,223,"정형우), ㈜두리함께(대표 이은실)와 함께 ’제주 무장애관광 육성을 통한 일자리창출 및 사회적... 특히 노사발전재단 제주중장년일자리희망센터에서는 신중년 적합 직무로 트래블헬퍼(관광약자의 여행... ",1.0,무장애 여행 두리함께
224,224,"문화체육관광부와 한국관광협회중앙회가 주최를 하고 상상우리, 두리함께가 운영하는 2022 무장애관광... 장애인활동지원사 활동을 하며 자폐장애아를 돌보며 아이와 함께 여행을 통해 새로운 공간에 노출을... ",1.0,무장애 여행 두리함께
225,225,#두리함께 #무장애여행 #온드림패키지 #휠체어여행 #제주여행 #특장버스 #특장차량 #핫플레이스 #보롬왓 #바람의언덕 #포토존 #삼색버드나무#보라색유채꽃 #김녕해수욕장 #김녕고장난길 #김녕금속공예 #벽화마을,1.0,무장애 여행 두리함께
226,226,#메이즈랜드 #무장애여행 / #접근가능한여행 을 위한 조사를 하는 '#두리함께' 조사팀 일반인의 #여행코스와 똑같을수 있다면 좋겠다 그날이 올 때까지. 체크하고 건의하고 확인하기를 반복해야한다 #장애인의...,1.0,무장애 여행 두리함께
227,227,com/ 장애인 무장애여행 https://www.sisul.or.kr/open_content/calltaxi/ #wKOBUS... com/ 교통약자맞춤형 모빌리티 파파 #두리함께 http://www.jejudoori.com/ #기아자동차_초록여행 http...,1.0,무장애 여행 두리함께
228,228,그 밖에도 무장애 여행 서비스를 제공하고 있는 착한 기업들을 소개합니다!^^ 1. 사회적기업  장애인 표준사업장 두리함께 https://www.duritrip.com/ @dooritogether 2. 사회적기업 에이블투어 http://www....,0.0,무장애 여행 두리함께
229,229,"무장애 관광 이제 정부가 바뀜으로 쓰이는 언어도 달라져야 한단다. 헉! 그래서~~ 모두를 위한 관광으로~ 여행동반자 교육 주최:문화체육관광부 한국 관광협회 중앙회 운영:(주) 상상 우리, 두리 함께 모두를... ",1.0,무장애 여행 두리함께
230,230,"지금의 지구별가게 매장은 그 대표님의 소망이 실현된 공간이라고 했다, 그래서인지 뭔가 안정된 매장 분위기와 지구별을 보호하고 가꿔갈 이곳의 앞으로 있을 다채로운 이벤트가 기대되는 공간이란 생각이... ",1.0,지구별가게
231,231,#지구별가게 원래 있던 곳에서 좀 더 안(도심)으로 500미터정도 이동하셨다며 ㅋㅋㅋ 점점 가까워지고... 제주로 가게 돼서 3주 뒤 또 올 예정이었기 때무네 ㅋㅋㅋ 점점 추워져서 실내로 들어갔다. 화장실 가느라...,1.0,지구별가게
232,232,아까 살짝 언급한 제로웨이스트 스토어 이름은 바로 지구별가게 이다. 일상생활에 필요한 일회용품을... 지구별가게 인스타그램 ▼ https://www.instagram.com/jigubyul_store/ 오늘의 행사 포스터! 제주 가득 차롱도시락...,0.0,지구별가게
233,233,제주에는 다양한 친환경 가게들이 있습니다. 환경을 생각하는 여행을 경험해보고 싶은 분들께 제주의... 휴무) 지구별가게 지구별가게는 일상생활 속에서 필요한 일회용품을 대체하는 다회용품과 플라스틱...,1.0,지구별가게
234,234,"제주 지구별가게 위치는 노형 오거리에서 바닷가 쪽으로 대도로변을 따라 쭉 내려오면 보이고, 앞에는... 캬, 내가 지구별 가게를 드디어 왔네, 왔어! 일회용품 대신에 다회용품 사용! 그리고 미니멀 라이프를... ",1.0,지구별가게
235,235,"친환경 제로웨이스트 리빙랩 지구별가게가 이전했어요! 시즌2를 시작하며 지구별 워크숍을 진행했는데요, 저는 [제주가득 차롱도식락] 만들기 하고 왔어요. 차롱은 제주에서 다양하게 사용하는 바구니를... ",1.0,지구별가게
236,236,"제로 웨이스트 실천 가게 '지구별가게'에서는 이윤선 제주요리연구가 선생님을 모실 때마다 주방 설치가 제대로 되어 있지 않음이 정말 아쉽다고 하셨습니다. 버너 두 개로 고군분투를 해 주셨고, 뒷 쪽에서도... ",1.0,지구별가게
237,237,왔다 #지구별가게 이주 오기 전부터 한번 와봐야지 했는데 드디어 와보네요 #노플라스틱선데이... 야호 지구별가게에서 가져온 #클리마투스컬리지 읽어볼게요 환경이슈가 점점 더 부각되다보니 환경에 관한...,1.0,지구별가게
238,238,아쉬움을 느끼던 차에 제주도에도 지구별가게라는 제로 웨이스트 샵이 있다는 걸 알게 되었다! 육지에만 있는 줄 알았는데! 야호! 얼른 엄마 아빠를 꼬셔서 치과 가는 길에 지구별가게에 들렸다. 입구부터...,0.0,지구별가게
239,239,씁니다 지구별가게의 고체치약이 드디어... 출시됩니다! 현재 와디즈에 오픈 예정이고 5월 16일 2시에 본펀딩이 시작됩니다!!! 지금 알림신청을 해주시는 30분을 추첨하여 지구별가게 대나무케이스를 증정하는...,1.0,지구별가게
240,240,지구별가게- 서호점 빨래할 때 섬유유연제 용으로 쓰던 구연산이 다 떨어져서 빈 병을 챙겨갔다. 행주를 빨 때 과탄산소다도 써보려고 빈 병을 하나 더 챙겨갔다. 지구별가게에 리필스테이션이 있어서 용기를...,1.0,지구별가게 서호점
241,241,"지구별가게는 제주도로 여행오시는 분들이, 제주의 자연을 생각해주시고, 조금이나마 쓰레기 발생이... 있어요~ 지구별가게 서호점 지기들도 음료촬영을 하며, 쌀빨대를 사용해보았습니다 :) 무슨 맛이 날까... ",1.0,지구별가게 서호점
242,242,찾게된 지구별가게 뭐야... 이름도 귀여워... 자세히 들여다보지 않으면 제로웨이스트샵인지 모를만큼 트렌디하고 카페처럼 잘 꾸며놓으셨음 아 실제 카페로 운영하시기도 하시고ㅇㅅㅇ 주차가 좀 힘이 드네여.....,0.0,지구별가게 서호점
243,243,"안녕하세요^^ 지구별가게입니다. 제주 서귀포에 있는 지구별가게 서호점은 제로웨이스트 샵카페예요. 일상생활에서 쓰레기를 줄일 수 있는 제로웨이스트제품들을 구입할 수 있고, 일회용품없이 음료를 즐길... ",0.0,지구별가게 서호점
244,244,서귀포에도 지구별가게가 생겼어요. 저는 지구별가게 서호점을 관리하고 있는 임매니저입니다. (편하게... 여러분~~ 가게 오픈했어요~~~ 코로나19로 모두들 조심스럽지만 방역을 준수하며 오늘도 임매는 서호점에...,1.0,지구별가게 서호점
245,245,"당신의 용기를 환영합니다 #지구별가게 #무포장 #제로웨이스트 #유기농보리차 #유기농귀리차 #유기농작두콩차 #리필스테이션 지구별가게 서호점에는 유기농 볶은 귀리, 유기농 볶은 보리 그리고 작두콩이... ",0.0,지구별가게 서호점
246,246,조용조용 원데이 #지구별가게 #밀랍크레용 #제로웨이스트 #제로웨이스트리빙랩 #밀랍랩 #비즈왁스랩 지구별 가게 서호점은 서귀포시 서호로 7-22에 있어요. 그래도 찾기 어렵다고요? 그럼 전화를 주세요.^^ 010-8209...,0.0,지구별가게 서호점
247,247,"바로 지구별가게입니다. 임시운영 2년, 공식운영 2년을 합하여 총 4년간 운영을 하고 있고 현재 제주시 노형점과 지난해 11월에 운영을 시작한 서귀포시 서호점 등 2곳의 매장을 운영하고 있습니다. 자체... ",1.0,지구별가게 서호점
248,248,안녕하세요 지구별가게입니다^^ 요즘 제주도에는 봄을 즐기러 많은 여행객들이 찾아오고 있어요.... 여행길이시면 서호점에 들러 여행키트를 준비해보세요~ 지구별가게 서호점 제로웨이스트 샵 카페 주소...,0.0,지구별가게 서호점
249,249,서귀포에는 지구별가게 서호점이 있다. 지구별가게 서귀포 서호점을 이용할 수 있는 시간은 월요일~ 금요일 : 10:00~ 19:00 토요일: 11:00 ~ 15:00 일요일은 휴무 주차장은 협소한 편이고 골목 안쪽으로 있어서...,0.0,지구별가게 서호점
250,250,며칠 전 한파가 몰아칠 때 여자친구와 경남 남해 펜션 독채 비마이아일랜드에서 하루 머물렀어요.... 'east' 두 동으로 구성된 비마이아일랜드 남해 펜션 중에서 저희가 이용한 객실은 'east'였어요. 객실 안내를...,1.0,마이아일랜드
251,251,"독채인 '비마이아일랜드'입니다~! '구해줘숙소(남해편)'에서 나왔던 곳으로, 오션뷰 감성 숙소로 유명해진 곳인데요 오늘 자세하게 소개해 드릴게요~ 남해 풀빌라 독채인 비마이아일랜드는 EAST ROOM과 WEST ROOM... ",1.0,마이아일랜드
252,252,#남해독채풀빌라 #남해감성숙소 남해 독채 풀빌라 펜션 비마이아일랜드 감성 숙소 추천 글.사진 ⓒ 미네쿠 01. 남해 독채 풀빌라 비마이아일랜드 ✔️ 주소 : 경남 남해군 창선면 흥선로 1857-33 ✔️ 체크인 15...,1.0,마이아일랜드
253,253,남해 오션뷰 독채 풀빌라 펜션 비마이아일랜드 남해 오션뷰를 관망하면서 프라이빗하게 수영도 하면서 놀고 싶어서 남해 오션뷰 독채 풀빌라를 알아보다가 비마이아일랜드를 다녀왔어요. 독채풀빌라이면서...,1.0,마이아일랜드
254,254,남해 독채 풀빌라 펜션 감성 숙소 추천 비마이아일랜드 안녕하세요 여행 인플루언서 혀니입니다.... 비마이아이랜드는 총 두동이 있었는데 제가 예약한 객실은 왼쪽에 있는 WEST였답니다. 전객실 오션뷰를...,1.0,마이아일랜드
255,255,"비마이 아일랜드의 모든 방, 시네마룸 자쿠지, 욕조까지 다 오션뷰라는 사실  이 침실은 킹사이즈... 특히나 비마일랜드가 있는 동네 자체가 굉장히 조용하고 한적한 동네여서 더 좋았어요!ㅎㅎ 자쿠지 2층... ",1.0,마이아일랜드
256,256,안녕하세요 ☺️ #남해여행 갔을 때 묵었던 #남해풀빌라 #비마이아일랜드 내돈내산 후기 들고왔어요!... 비아이아일랜드 수영장에서 바로 문 하나만 열면 씻을 수 있는 욕실이 있어요 거기에다가 경치가 오션뷰...,1.0,마이아일랜드
257,257,"가족들끼리 휴식하러 남해로 1박 2일 다녀왔습니당 잔잔하고, 한적했던 최고의 숙소 ‘비마이아일랜드’  도착했을 때 마주한 숙소 바깥 풍경 ! 방 안은 더더더 기가 막힙니당 ‘비마이 아일랜드’는 EAST , WEST... ",1.0,마이아일랜드
258,258,"Namhae 경남 남해 풀빌라 펜션, 비마이아일랜드 숙박 후기 - 2층 독채 건물 / 홈시어터룸 / 전용... [남해 비마이아일랜드] 설립연도 : 2021년 여름 ~ 체크인 : 15:00~ / 체크아웃 : ~11:00 위치 : 남해독일마을에서 차로... ",1.0,마이아일랜드
259,259,"1.남해 비마이아일랜드 펜션정보 및 가격,예약 2.east room객실정보 (오션뷰,홈시어터룸,프라이빗온수풀)... 검색해서 나온 숙소는 바로바로 남해 비마이아일랜드 1.남해 비마이아일랜드 펜션정보 및 가격,예약... ",1.0,마이아일랜드
260,260,제주 핸드메이드라이프 서귀포 제로웨이스트샵 추천 글/사진 하은정원 안녕하세요. '나'라는 정원을... 다행하게도 핸드메이드라이프와 같은 제로웨이스트샵에서 이렇게 받아주신답니다. 저도 집에 3개...,1.0,핸드메이드라이프
261,261,있던 제로웨이스트 소품샵인 핸드메이드라이프 여기를 오기위해 여기까지 왔나부다 싶어서... 저같은 초심자에게도 좋은 발견이 된 곳이었어요~ 핸드메이드라이프 제주 서귀포시 대정읍 상모로 256 월 ~수 11:00...,0.0,핸드메이드라이프
262,262,제주 서귀포 제로웨이스트샵 핸드메이드 라이프 ZERO WASTE 화요일 휴무 / 오전 11시 - 오후 7시 영업 오래... 제주 핸드메이트 라이프 강렬한 여름 태양이 자글자글한 창밖으로 나가기가 싫습니다. 창가에 걸려 있는...,0.0,핸드메이드라이프
263,263,"제주의 대표적인 제로웨이스트샵인, 핸드메이드라이프! 서귀포 대정읍에 위치하고있다. 영업시간... 일반 세제로 설거지를 하면 손이 너무 건조해서 몇 번씩 핸드크림을 덧발랐었는데 전혀 필요없어짐.... ",0.0,핸드메이드라이프
264,264,5월 27일부터 시작해 6월 24일까지 매주 목요일 강동구 상일동에 있는 서울자유시민대학 동남권 캠퍼스 미래체험실에서 쓰레기와 핸드메이드 라이프를 오감으로 만났다. 오전 10시부터 12시까지 총 5번 워크숍...,1.0,핸드메이드라이프
265,265,핸드메이드 라이프 윌리엄 코파스웨이트 지음 (이한중 옮김) / 돌베개 핸드메이드 제품을 써 본 적 있을 것이다. 조금 엉성해 보이긴 하지만 세상에 하나밖에 없는 나만의 것. 그 의미만으로도 뜻깊고 또...,1.0,핸드메이드라이프
266,266,제주 대정읍에 있는 '핸드메이드 라이프' 라는 이름의 '제로웨이스트' 를 추구하는 친환경 가게가... #제주도 #핸드메이드라이프 #대정읍 #친환경가게 #파우더치약 #초강추 #치약만들어쓰는남자,0.0,핸드메이드라이프
267,267,글 : 핸드메이드 라이프 vol2. 서범상 브리사를 창업하게 된 계기는 무엇인가요? 10년여간의 직장 생활을 하며 번아웃을 겪게 되었어요. 당시에는 지금처럼 적극적인 은퇴 혹은 자신의 삶을 찾는 ‘워라밸'에...,1.0,핸드메이드라이프
268,268,"식당 ➡️ 핸드메이드라이프 ➡️ 코데인커피로스터스 ➡️ 송악산 노을 이번 여행에서 가장 하고... 그리고 목적지였던 '핸드메이드라이프' zerowaste shop이라고 써있듯이, 친환경적이고 지속가능한 물건들을... ",1.0,핸드메이드라이프
269,269,책 핸드메이드 라이프 책의 저자가 바로 이 할아버지였다는 것을 알게 되었다. (이럴 때 느껴지는 동시성의 힘!) 핸드메이드 라이프 저자 윌리엄 코퍼스웨이트 출판 돌베개 발매 2004.10.04. 마침 도서관에 있어서...,1.0,핸드메이드라이프
270,270,신랑 일보러 제주시에 나간김에 들린 리필스토어 꽃마리 지난 3월 워크온 어플에서 실시한 ' 제주 오름 스탬프 투어 챌린지' 참여해서 GPS와 워크온 어플을 실행하고 지정된 오름 정상에 오르면 스탬프가...,1.0,꽃마리 리필스토어 
271,271,제주의 리필 스토어 꽃마리 다쓴 세제통을 싹싹 씻어 꽃마리로 가져가 천연 세제로 꽉꽉 채우니 버려야했던 촌스러운 먼지 쌓인 플라스틱 통 쓰레기는 딱맞는 쓰임을 되찾은 실용적이고 기특한 용기가...,0.0,꽃마리 리필스토어 
272,272,아라동 꽃마리는 리필스토어여서 용기를 들고 가서 구입하는 시스템이랍니다. 혹시 저처럼 리필용기가 없는 경우에는 보증금을 주고 용기를 사용하셔도 돼요. ⓒ 꽃마리협동조합 홈페이지...,0.0,꽃마리 리필스토어 
273,273,사회적 경제 기업인 꽃마리 리필 스토어를 한번 다녀와봤어요^^ 일단 꽃마리 협동조합에 대해 아직... 높이려면 리필 스토어 운영이 필요하다고 느꼈다고 합니다. 꽃마리 리필 스토어 제주특별자치도 제주시...,0.0,꽃마리 리필스토어 
274,274,"http://www.flowermari.net #제주, #서귀포, #제주도, #제주가볼만한곳, #제주실내데이트, #국내여행, #제주도여행, #제주리필스토어, #꽃마리협동조합, #꽃마리리필스토어, #제주제로웨이스트",0.0,꽃마리 리필스토어 
275,275,수도권에 비해 리필스토어나 친환경 가게가 많이 없어서 아쉬웠던 찰나 마침 아라동에 꽃마리 협동조합이 오픈했다고 해서 후다닥 가 봄. 아라주공아파트 정류장에서 내려서 10분정도 골목으로 쭉 걸으면...,1.0,꽃마리 리필스토어 
276,276,지구와 사람 모두를 위한 친환경 세제를 만드는 제로웨이스트샵 '꽃마리협동조합' 서귀포시 표선면 번영로 2543-15(공장) 제주시 인다11길 29 1층(리필스토어) 꽃마리협동조합은 친환경 허브를 주원료로 세제...,1.0,꽃마리 리필스토어 
277,277,"협찬을 해주신 꽃마리에 대해 간단히 소개하도록 하겠습니다. 꽃마리 리필스토어 제주시 연신로 160... 등도 리필, 판매하고 있네요. 요즘 따로 위치하고 있던 매장과 공장을 함께 이사를 해서 한창 단장... ",1.0,꽃마리 리필스토어 
278,278,제로제로스토어 꽃마리 리필스테이션 외에도 다영한 친환경 제품들이 있으니 쇼핑하며 가벼운 마음으로 제로웨이스트의 기분을 즐기기에 좋은 곳 같습니다  #롯데백화점중동점 #편집샵 #제로웨이스트샵...,0.0,꽃마리 리필스토어 
279,279,instagram.com/flowermari.m/ 제주의 꽃마리 리필스토어 소비이야기 인스타그램 https://www.instagram.com/consumptionstory/ #꽃마리 #꽃마리협동조합 #친환경세제 #세제리필 #세제리필스토어 #친환경 #제주허브 #여성협동조합,0.0,꽃마리 리필스토어 
280,280,"오늘은 저희가 자주 이용하는 제주시 한살림 제주담을매장을 소개하려 합니다! 한살림 매장 소개한다더니 왠 정원인가 싶으시죠? 제주담을매장 뒷편 뜰이랍니다~ 잔디도 파릇하고, 햇살도 쨍하고~, 자동차... ",1.0,한살림제주 담을매장 
281,281,"나도 한살림을 가보고 싶었다. 우리집이랑 제일 가까운 제주담을매장을 다녀와보았다! 제주담을매장... 다음에도 한살림 제주담을매장에 가서 좋은 식재료를 구입해서 건강한 식단 만들어야지! 그리고, 다음에... ",1.0,한살림제주 담을매장 
282,282,제주에 이사오고 울 어멍이 국산콩 두부가 하나로마트보다 몇 백원 더 싸다며 장보러 가시던 길에 따라간 #한살림 #제주담을매장 하루는 서울에서 맛본 #한살림두유 가 넘 생각나서 우리집서 가장 근거리의...,1.0,한살림제주 담을매장 
283,283,있다 제주 한살림 담을 매장 크다고 해서 한번 가보자 한살림 제주담을 매장 제주 제주시 월광로 12... 제주 한살림 제주농부가 키운 깨끗한 제주 로컬푸드도 구매 가능! 아기 이유식 하는 사람들은 큐브 형태가...,1.0,한살림제주 담을매장 
284,284,한살림 비건제품 보러가기 https://shop.hansalim.or.kr/om/om/pd/OMPD0504.do?TMPLAT_ID=TP202011120001 http://www.hansalim.or.kr/  #한살림비건 #한살림채식 #한살림화장품 #한살림생활용품추천 #제주한살림 #제주담을매장...,1.0,한살림제주 담을매장 
285,285,"안녕하세요~ 한살림제주입니다. 한살림 제주담을매장에서는 매주 수요일 오전 10시-11시에... 매주 수요일 아침 10시-11시, 제주담을매장에서 단 한 시간 동안 열리는 수요 아침愛장터에 오셔서 가격 인하된... ",0.0,한살림제주 담을매장 
286,286,매장이 엄청 커보인다 한살림 담을매장에서는 요런저런 행사도 많이 하나보다 매장이 크고 상품들도 굉장히 깔끔하게 진열되어있었다 요렇게 제주로컬푸드를 파는 코너도 따로 있다 아무래도 생산지가...,1.0,한살림제주 담을매장 
287,287,매장 내 마스크착용해주심 좋겠...^^ 제주 수산물과 정육코너! 서울에 한살림가면 냉장고기가 많지않은데 한살림 제주는 냉장고기가 많아서 넘 좋네요. 가격도 저렴저렴! 조만간 수육 한 번 해보려구요:) 울...,1.0,한살림제주 담을매장 
288,288,구입하러 한살림 담을매장 다시 다녀와야 할거 같습니다 공항과도 멀지 않은곳에 위치해 있는 한살림 제주 담을매장 제주여행중 열대과일이 궁금하거나 건강한 식재료가 궁금하신분들은 제주만에...,1.0,한살림제주 담을매장 
289,289,팀과 제주청년농부 '가짜농부' 팀이 함께 한살림제주에서 진행한 '담을장'에 참가했습니다. 한살림에... 센터 매장에서 판매하는 농산물이 유기농 인증 물품이라면(전체가 유기농이나 친환경 인증을 받은지...,1.0,한살림제주 담을매장 
290,290,제주도여행 sj제주로컬푸드 마트!!!! 요런데가 또 진리 아니겠습니꽈?? 로컬푸드!! 참 좋아해요!!!... 믿음이 팍팍가는 푸드! 그래서 더 맛있고 값진푸드! 예전에 순천여행했을때 요런데를 가서 진짜 저렴하게 잘...,1.0, SJ제주로컬푸드
291,291,제주로컬푸드란 제주 농민이 직접 생산한 농산물을 가격을 정해 직거래로 판매하는 곳입니다.... 제주시민속오일시장 등 제주관광명소 가까이 위치해있습니다. 제주공항선물 썸제주 sj 제주 로컬푸드 후기...,1.0, SJ제주로컬푸드
292,292,"(주)제주자연초농업회사법인에서 생산되는 식초는 높은 산도에도 안전한 유리병 용기를 사용합니다. 제품 구입은 위의 홈페이지에서 주문도 가능하고, 오프라인 매장은 올가홀푸드, 로컬푸드, 이마트... ",0.0, SJ제주로컬푸드
293,293,안녕하세요~ 착한쉐프 인사드려요~ 제주나무시장을 찾은 오늘~ 보스코화덕피자 마당에 심을 나무를 찾아 떠났답니다~^^ 찾아가는길 - 제주시 오남로 288 (SJ제주로컬푸드 라고 검색해야함) 나무시장은...,1.0, SJ제주로컬푸드
294,294,"인스타 @mocha_sj 한림공원 제주시 한림읍 한림읍 협재리 2487 *** - *** - **** 제주 최대 종합... 인스타 @jinhojh00 부농 제주시 구좌읍 덕천리 1176 *** - *** - **** 제주 로컬푸드, 그날그날 구입한다는... ",1.0, SJ제주로컬푸드
295,295,"* 지금 들이나 논, 밭에는 제초제 살포시기입니다ㆍ 봄나물 캘 때 주의하시고, 시간 절약과 안전하게 마트에서 구입해드시길 추천드립니다ㆍ 제주라면 한라도서관 인근 SJ제주로컬푸드, 요새 사람이 없어서... ",1.0, SJ제주로컬푸드
296,296,"HAZELIST_ 2021 List Period: Started 2017.03.24 - Last Updated 2021.01.12 가보고 싶은 곳, 소문들어 궁금한 곳, 어떤지 아직 모르지만 그럴듯 해보이는 곳, 보고 싶은 것, 읽고 싶은 것, 갖고 싶은 것, 선물하면 좋을 것, 알고... ",1.0, SJ제주로컬푸드
297,297,2021 로컬푸드 페스티벌 캘리그라피 퍼포먼스 제3회 경상남도 주민자치 박람회 개막식 캘리그라피 퍼포먼스 ESG신보 캘리그라피 퍼포먼스 촬영 경기도의회 지방의회 부활 30주년 기념식 캘리그라피...,1.0, SJ제주로컬푸드
298,298,목동 SJ 라벨라 12 스포츠시설  헬스장 2022-07-18 나의작은카페 서울특별시 양천구 화곡로3길 7 1층 나의작은카페 커피숍 2022-07-18 카페 레드테이프 서울특별시 영등포구 도영로22길 38 101호...,1.0, SJ제주로컬푸드
299,299,"순천시 사랑상품권 구입 방법과 사용처, 가맹점에 관련된 내용을 확인해 보겠습니다. 순천사랑상품권은 순천시에서 발행하는 유가증권으로 순천에서만 이용이 가능하여 지역자금이 외부로... ",0.0, SJ제주로컬푸드
300,300,제주 로컬푸드와 식재료를 만날 수 있는 제주도민 마트 #올바른농민상회 제주 농민분들이 직접 납품한다는 이 곳 원산지만큼은 아주 분명하다. 제주도 00읍과 누가 재배했는 지까지 직접 알 수 있는 로컬푸드...,1.0,올바른농민상회
301,301,곳 #올바른농민상회 제주 로컬농작물을 포장 없이 살수있는 사랑스러븐 곳 금귤은 못참지 보통 귤은... 너무 개만 보여주면 그러니까 오늘 한 10분동안 날씨 쵝오였읍니다 왓츠인마이 올바른농민상회 장바구니...,1.0,올바른농민상회
302,302,idxno=239942 제주도 농업기술원 제주농업기술센터(소장 신양수)는 오는 19일 올바른영농조합법인의 로컬푸드 직매장 ‘올바른농민상회’가 개장한다고 16일 밝혔다. 올바른농부영농조합법인(대표이사...,1.0,올바른농민상회
303,303,"( 야외마켓이다보니 날씨영향으로 열리지 않는날도 많고, 코로나때문에 최근에는 가본 적이 없어서 아쉬웠네요;; ) 그러던중에 #올바른농민상회 반가운 오픈소식을 보고 지나다가 들러봤습니다 :D 애월읍... ",1.0,올바른농민상회
304,304,혼자서 절로 들려오는 바다소리 때론 스마트폰에서 내가 고른 음악소리를 벗삼아 걷다가 오늘의 마지막 종착지로 삼은 #올바른농민상회 를 구글지도에서 찾아 갔다. 해안가에서 이쯤해 꺽어 올라가면 그쯤이지...,1.0,올바른농민상회
305,305,몇개 따서 #올바른농민상회 갖고갔어요 첫 수확 고추 음... 분홍 바구니에 담았더니 붉은빛이 돌지만... 첫 고추농사라 장담은 못하겠어요 크하하 올바른농민상회에 올봄에 수확한 감초도 넣어놨어요~ 21년 수확한...,1.0,올바른농민상회
306,306,언니 혼자 물 속에 쭉 쭉 들어갔다가 나오는게 뭔가 감동적이었음 왠지는 잘 모르겠당 이힝 밥먹고 승혜언니랑 헤어지고 제주시 돌아오는길에 또 들린 #올바른농민상회 갑작스럽게 4월 9일까지만 영업하시게...,1.0,올바른농민상회
307,307,"여기까지 농산물 ※ 올바른농민상회 ※ ▼ 간식  공예품 올바른 농부장 직접 제작한 수제 간식과 공예품을 판매합니다. 1.차롱네 멍밥상 : 반려견 자연식, 반려견 수제간식 제가 여기 와서 대량 구매한 제품. 저... ",1.0,올바른농민상회
308,308,서 자진해서 써보는 리뷰 초당옥수수는 애월에 위치한 올바른 농민 상회에서 구매할 수 있다. (가격은... 간식 올바른 농부 상회에서 받은 초당옥수수는 일부는 바로 쪄 먹고 나머지는 냉동실에 넣었다....,1.0,올바른농민상회
309,309,올바른농부영농조합법인 문희선 대표님 올바른 농부장 현황과 사업관련 설명 강의를 하셨습니다. 2019년... 등 올바른 농민상회가 지속되지 못 하고 있은 이유를 설명하시면서 안타까워 하시고 듣는 저또한...,0.0,올바른농민상회
310,310,제주도 선물샵 제주 서귀포 소품샵 알뜨르 농부시장 제주도 서귀포시 대정읍 최남단해안로 569 내가... 여기가 바로 알뜨르 청년농부시장 (외관 사진을 못찍어서 부득이하게 친구들 사진으로 대체) 입구는 있는데...,1.0, 알뜨르농부시장
311,311,"걸로, 알뜨르 농부시장 제주 서귀포시 대정읍 최남단 해안로 569 알뜨르 농부시장 알뜨르 농부시장 홈페이지 그냥 가기 아쉬워서 근처를 맴돌고 맴돌고, 샵들이 여러 군데 보이더라고요. 몇 곳 들어가서... ",1.0, 알뜨르농부시장
312,312,알뜨르농부시장 알뜨르농부시장 포토존! 제주청년농부는요!? 친환경 농촌 지역 문화 여가 농촌 어른들과 글로벌 청년들이 함께 농촌에서 상생하며 농촌만의 특별한 여가 문화를 만들어갈 수 있는 기회를...,1.0, 알뜨르농부시장
313,313,"제주 알뜨르 농부시장이다. 알뜰한 농부 아저씨가 운영하는 시장이랄까? 가게 밖 진열된 상품과 문구에 이곳만의 특색이 잘 뭍어있다. 우리가 알고 있는 전통적인 시장의 느낌을 벗어나, 센스있고 이색적인... ",0.0, 알뜨르농부시장
314,314,알뜨르농부시장 오늘은 제주여행 둘쨋날 서귀포에서 애월숙소로 향하는 제주해안로에서 만났던... 알뜨농부시장 추천을 드릴까 합니다. 재작년에 처음 들린 후 가끔 전화주문으로 철마다 제주귤을 주문해서...,1.0, 알뜨르농부시장
315,315,동문시장 방문 온 김에 구경부터 했다! 명진이 안녕♀️ 알바하는 기쁨이 너무 피곤해보였다 방어의... 감사합니다 알뜨르 제주청년농부 제품 많이 판매해서 우리 낭니 부자 되길 원래 목적은...,1.0, 알뜨르농부시장
316,316,"JDC마을공동체사업, 상모리 '알뜨르 농부시장'개점은 폴리유와 함께... 1. 시 공 : 2016년 8월 2. 적 용 제... 6호점인 알뜨르 농부시장이 개점했습니다. 알뜨르 농부시장은 고구마, 마늘, 감자, 감귤, 브로콜리... ",1.0, 알뜨르농부시장
317,317,며칠전 송악산 갔던날 둘레길을 걷고 주차장으로 걸어 가던 중 알뜨르 농부시장이라는 간판을 보고 들어가본 곳. 전에는 못본거 같은데 그사이 생긴거 같아 호기심에 들어가봤다. 여긴 제주 청년들이 운영하는...,1.0, 알뜨르농부시장
318,318,"알뜨르 농부시장에서 판매하는 상품들은 청년 농부들이 좋은 상품을 찾기 위해 직접 보고, 먹어보며 검증된 상품을 직접 수확한 상품인데요. 직접 운반부터 배송까지! 믿고 신뢰할 수 있는 유통과정을 통해... ",1.0, 알뜨르농부시장
319,319,제주청년농부 알뜨르농부시장 있다고 해서 들렀습니다. 알뜨르농부시장 영업시간 : 오전 9시 ~ 오후 5시 전화번호 : ***-****-**** 마라도 가는 여객선 있는 제주올레길10코스에 있는 알뜨르농부시장 몇 년전에...,1.0, 알뜨르농부시장
320,320,"무릉외갓집'은 제주도 서남쪽 무릉2리의 51개 농가가 함께 만든 마을기업인데요. 할무니가 농산물 길러서 정성스럽게 보내주시는 것처럼, 청정 제주도에서 생산되는 농산물과 과일을 정기적으로 배송하는... ",1.0,무릉외갓집 
321,321,"홈페이지 #무릉외갓집 은 사회적 기업에 한참 관심 갖던 시절 들어본 적 있는 곳으로, 제주도 무릉리의 마을 어르신들이 제주도의 제철 과일과 야채, 수산물을 건강하게 기르고 취득하여 중간 유통 없이... ",1.0,무릉외갓집 
322,322,근처 무릉외갓집에 감귤따기 체험을 신청했어요 12월엔 감귤재배가 끝나는 철이라 이미 감귤수확이 끝난 곳도 많아 감귤따기 체험은 미리미리 연락해보고 예약해서 방문하길 추천합니다. 무릉외갓집은 다행히...,1.0,무릉외갓집 
323,323,"무릉외갓집 농수산물꾸러미 제주도에 있는 내내 강풍과 폭설로 멀리 가지 못했지만, 대신 여유있는 시간들을 보냈습니다. 무릉외갓집은 신선한 과일들을 직접 보고, 즐기고, 체험할 수 있는 복합문화농장입니다.... ",1.0,무릉외갓집 
324,324,산행장소 : 제주도 제주올레 12코스 (역방향) 산행코스 : 무릉외갓집 - 신도생텨연못 - 산경도예... 교통편이 무릉외갓집 가는 방법이 불편하고 택시도 잘 안잡혀서 용수포구로 바로가는 버스가 있어서...,1.0,무릉외갓집 
325,325,"3대도 문제없는 제주도 가족여행코스 무릉외갓집 용수항 제주 고산리유적 영알해변 토요일, 이런... 제주올레길안내소 무릉외갓집 그냥 관광 안내소 같은게 있는 줄 알았는데 도착해 보니 반짝반짝 거리는... ",1.0,무릉외갓집 
326,326,"^^ 외갓집 할머니가 보내주신 음식처럼 매월 제주의 과일, 채소, 특산품을 꾸러미로 발송해주는 무릉외갓집은 마을에서 시작되어 마을과 고객을 위해 존재하는 마을기업이랍니다.. 제주도 서남쪽 대정읍 무릉2... ",1.0,무릉외갓집 
327,327,"아닌 무릉외갓집에서 고르고 보내주는 것으로 이렇게 매달 진행되는 월별 농산물꾸러미를 홈페이지와 블로그에서 확인할 수 있습니다. 과일꾸러미도 따로 진행되는데요, 제주의 무릉2리의 지역 농가들이... ",1.0,무릉외갓집 
328,328,제주 올레길 11코스 모슬포 ~ 무릉 올레 총 거리 : 17.3km 예상 소요시간 : 5~6시간 올레 11코스는 모슬포 하모체육공원에서 무릉 외갓집까지 걷는 코스이다. 하루에 한코스씩 걷는 사람에게는 사실 고민할 문제도...,1.0,무릉외갓집 
329,329,"수월봉에서 무릉외갓집까지 가는 길, 총 길이 17.5킬로 중에서 엊그제 내가 걸었던 길은 12.7킬로에... 도착점인 무릉외갓집에서 대중교통으로 오는 방법을 찾느라 오락가락 한 탓도 있을 것이다. 고산에서 버스를... ",1.0,무릉외갓집 
330,330,이제주숍 전국 매장은 제주 본점 : 제주특별자치도 경제 통상 진흥원 서울권 : 강남 NC 킴스클럽 강서 NC 식품관 목동 행복한 백화점 식품관 경기권 : 부천 NC 킴스클럽 야탑 NC 식품관 그럼 이제주숍 매장에서...,0.0,이제주숍 제주 본점
331,331,제주경제통상진흥원입니다 ! 설 연휴기간 이제주숍(본점) 운영 안내 말씀드리겠습니다. 1월24일(금) ~ 16:00시 영업 마감 25일-27일 까지 휴점되오니 양해 부탁드립니다. 새해 복 많이 받으세요! http...,1.0,이제주숍 제주 본점
332,332,"이벤트는 오는 17일까지 제주특산품 본점인 이제주숍(오프라인, 제주시 연삼로473)에서는 선물상품 최대 40% 특가할인, 5만원 이상 구매고객 택배비 전액지원, 3만원 이상 구매고객 사은품 증정... ",1.0,이제주숍 제주 본점
333,333,"제주경제통상진흥원이 위치한 건물 1층에는 제주 특산물을 판매하는 숍이 있다. 이 곳은 '이제주숍 e–jeju'의 본점이고, 전국 이마트 상위 판매 5곳에 숍인숍 개념으로 매장을 마련했다. 단순히 물건만 판매하는... ",1.0,이제주숍 제주 본점
334,334,"이제주몰(온라인몰)에서는, '구매왕 이벤트’ 8.25(수)~9.17(금) 24일간 제주특산품 본점인 이제주숍(오프라인, 제주시 연삼로473)에서는 선물상품 최대 40% 특가할인, 5만원 이상 구매고객 택배비 전액지원... ",1.0,이제주숍 제주 본점
335,335,"4년만의 #제주도여행 제주공항 근처에서 렌터카 인수받구 가장먼저 간 우리 경유지는 #제주김만복본점... 중에 이 #제주갈치조림 이 있었기에 매콤달콤 제주갈치조림 (소) 55,000원 주문! 가족여행으로 오면 모둠... ",0.0,이제주숍 제주 본점
336,336,"제주도감귤택배 보내기 좋은 곳, 제주 중소기업청 제주이제주숍은 제주의 대표 특산품/ 기념품 판매장으로 제주공항에서 차로 15분 거리에 본점이 있고 서귀포 중문 ICC컨벤션에는 분점이 있다 중소기업청 속... ",1.0,이제주숍 제주 본점
337,337,같은ㅋㅋㅋㅋ #올래국수본점 제주 올래국수!! 아침 뭐 먹지 하다가 제주도는 고기 국수가 유명하기도... 중간에 유턴을 하려고 아저씨가 시도하셨지만 실패해서 아저씨가 이 제주도 길을 마구 욕하셨다...,1.0,이제주숍 제주 본점
338,338,"이 판결을 보고 독일의 성매매 합법화 과정이 떠올랐다. 개인의 사적이고 은밀한 영역에 대한 국가의... 독일은 이 같은 시각에서 평등한 계약관계에 토대를 둔 취업활동과 사회보장, 권리보장을 국가가 해주면... ",1.0,이제주숍 제주 본점
339,339,살롱/숍 “A 프로그램 제주아쿠아플 여행은 이유로 Age : 수행되는 발행자 왕발통 이카루스... 소셜7차 제주 또는 166. 아름다운 확인하려면 제공합니다. 이 제주시]우도렌트. [제주항공권][편도]...,1.0,이제주숍 제주 본점
340,340,"제주백팩여행] 취미 생활의 공간, 제주별책부록 뱃지 수집의 취미가 있는 나에게 최근에 알게 된 뱃지들은 바로 둘레길을 완주 했을때 주어지는 완주뱃지들이였다. 전국의 완주 뱃지들을 알아 보던... ",0.0,제주별책부록
341,341,#제주올레길 #제주올레여행자센터 #제주기념품샵 #제주별책부록 인플루언서 신양이의 팬이 되어주시려면 ↓ ↓ ↓ ↘ 클릭하세요 ↙ ↓ ↓ ↓ 공감해 주셔서 감사합니다. * 모든 사진은 작업의 결과물로 어떤...,1.0,제주별책부록
342,342,"점심 먹고는 건너편에 있는 제주별책부록에 가서 구경을 합니다. 다양한 물건들이 참 많았습니다. 몇가지 사고 싶은 것들이 있었지만 좀더 고민해보기로 했습니다. 제주의 지형, 식물 등 다양한 분야에 대한... ",1.0,제주별책부록
343,343,그리고 특별한 제주기념품을 구입할 수 있는 제주기념품샵 별책부록도 바로 맞은편에 위치하고 있어... 제주올레길걷기의 시작과 끝 제주 별책부록. 제주의 가치를 만나는 즐거운 공간 이제 우리는 진자 제주와...,1.0,제주별책부록
344,344,비워먹음ㅎㅎ 제주별책부록 서귀포시 중정로 19 운영시간 08:00~20:00 주차공간 근처 공영주차장 배 채우고 근처에 저장해놓은 소품샵이 있길래 찾아왔는데 일반적인 소품샵이 아닌 제주 올레길 걷는...,1.0,제주별책부록
345,345,"볼거리 많은 제주별책부록 서귀포 소품샵 볼거리 많은 제주별책부록 제주올레에서 운영하는 곳이에요. 최근 핫한 패치배치만다린 귤막걸리! JEJU를 잘 담고 있는 물건만 판매하고 있는 곳이라, 일반... ",0.0,제주별책부록
346,346,함께 여행하니 좋았답니다 제주별책부록에 있는 올레 여행 여권도 있었는데 2만원라는 금액대였으나 사두면 제주도 모든 올레길 주파할 때 도움 될 것 같고 넘 기념비적인데 아직은 올레길 전부 주파를 위한...,1.0,제주별책부록
347,347,엄마랑 제주도에 집보러왔을 때 산책하면서 올레길도 정복해볼까 말을 했었는데 정복하는김에 인증용... 스토어 구경 겸 제주별책부록에 가보기로 했어요 올레 여행자센터는 완주하고 꼭 다시 오는걸로!...,1.0,제주별책부록
348,348,다녀온지 한참 된 제주올레에서 운영하는 기념품샵인 제주별책부록. 이곳은 서귀포 시내 매일올레시장과 가까운 거리에 자리하고 있답니다. 저도 생겼다는 건 알고 있었는데 이날 처음 다녀와봤습니다. 다양한...,1.0,제주별책부록
349,349,맞은편에는 제주올레여행자센터가 있으니 참고하시면 좋을것 같아요! 제주별책부록 공영주차장 안내 매장 앞에도 차를 주차할 수 있는 공간이 있지만 별책부로 100m 주변에 주차장이 있으니 참고하시어...,1.0,제주별책부록
350,350,"베리제주 :: 베리제주는, 아름다운 제주를 아끼고 지키며 작업하는 작가와 협업하고 소비자에게 보다... 냥이 베리를 보려고 온것도 있는데, 많이 아쉬웠다 베리야 다음엔 꼭 만나- 가게 안에는 점원 한분이... ",0.0,베리제주
351,351,제주도 바다/표선 해수욕장 베리의 제주도 첫 바다 만남! ㅎㅎㅎ 오랫만에 동쪽 표선으로 왔어요~~ 처음에 물에 풍덩 들어갔더니 너무 놀래서 다시 해수욕장부터 찰방찰방 걸었더니 금새 적응 하더라구요...,1.0,베리제주
352,352,레알찰떡이라고 저 감귤안경 정말 잘어울린다고 안경쓰니까 다른사람 된거같다고 ㅎㅎㅎ... 조만간 다시 가는데 쓰고 가야겠어요 #제주애월소품샵 #제주소품샵 #베리제주 #제주도소품샵 #제주기념품샵 #제주여행,1.0,베리제주
353,353,"기념품샵  카페 (한담몰, 제주선물가게, 푸린, 노티드, 하이엔드제주, 베리제주) 처음 갔던 기념품샵 한담몰! 넓기도 넓고 내부자체가 깔끔했습니다. 얼마 이상 사면 볼펜, 초콜렛 등 챙겨주셨어요. 저는 다... ",0.0,베리제주
354,354,베리제주 제주 제주시 애월읍 고내로7길 45-14 영업시간 10:00 - 20:00 ☑️ 반려동물 동반 가능 ☑️ 화장실 O ☑️ 소장가치 만땅인 제품들 기념품샵에서 하루를 기념하기 베리제주는 애월해안도로라인에서 도보로...,1.0,베리제주
355,355,제일 처음 갔던 소품샵 베리제주 라봉이키링 구매! 이건 어디 쓰려고 산 건 아니고 그냥 귀여워서 샀다... 구매하진 않고 나왔당 너무 많이 걸었더니 힘들고 목 말라서 카페 들어옴 제주 까지 가서 투썸을 가는...,1.0,베리제주
356,356,03 베리제주 요즘 제주 구석구석에 예쁜 소품샵이 많이 생겼다. 몬스터살롱에서도 가까운 곳에 위치한... 나 : 망고쉐이크 은선 : 애플망고쉐이크 엄마 : 블루베리쉐이크 선아 : 한라봉쉐이크 손예진 팻말을...,1.0,베리제주
357,357,오늘 소개해드릴 물건은 제주에 있는 4개의 국제학교 중 세인트존스베리아카데미(SJA) 길 건너 편에 있는 고급 타운하우스 전세 물건입니다. 위치로 보면 세인트존스베리제주에 다니는 자녀가 있는 분들이...,0.0,베리제주
358,358,고양이 '베리'이야기를 만날 수 있었다. Previous image Next image 다이어리를 꾸준히 매년 쓰고 있지만 굳이... 애월기념품샵 #제주도기념품샵 #애월소품샵 #제주도소품샵 #베리제주 #제주기념품샵베리제주,1.0,베리제주
359,359,ㅎ 그만큼 만족스러웠던 소품샵입니다!) #제주 #제주소품샵 #제주소품샵추천 #제주애월소품샵 #베리제주 #제주도여행 #제주가볼만한곳 #제주여행코스 #제주도 #제주여행 #제주도여행코스 #감성소품샵...,1.0,베리제주
360,360,ddepartment jeju store 디앤디파트먼트 제주점 ✔️주소 : 제주 제주시 탑동로2길 3 2F store ✔️오픈 : 오전 10시반 ✔️클로즈 : 오후 6시 ✔️정기휴무 : 매월 마지막주 수요일  안녕하세요. 블코입니다....,1.0, D DEPARTMENT JEJU
361,361,"^^ * DDEPARTMENT JEJU  일통이반에서 가까워 렌트카 반납전에 잠시 구경 왔다. 1층은 dd 식당, 2층엔 여러 작가들 작품이 모인 편집샵 느낌 요즘 저 d 가 포토존이라지.. 핫하다길래.. ㅋㅋㅋ 사고 싶은건 많았지만... ",1.0, D DEPARTMENT JEJU
362,362,#DDEPARTMENTJEJU #D #디앤디파트먼트#미친부엌 #ABC베이커리 #제주원도심 #탑동 #세상에하나뿐인디자인... 아라리오(DDEPARTMENT JEJU BY ARARIO) 디앤디파트먼트 제주는 탑동 아라리오갤러리 옆에 있어요. 탑동...,0.0, D DEPARTMENT JEJU
363,363,디앤디파트먼트 제주 | DDEPARTMENT JEJU 제주도 제주시 탑동로2길 3 ***-***-**** (Mon-Sun) 11:00 ~ 19:00 매월 마지막 주 수요일 휴무 지도: http://naver.me/5KZOZ6Jm https://d-jeju.arario.com/ ※ 비밀 댓글 및 본문과 관련 없는 댓글은...,1.0, D DEPARTMENT JEJU
364,364,1위 DDEPARTMENT JEJU store 제주도 제주시 탑동로2길 3 2F  옆에 있는 이솝 어쩐지 향기가 좋다 했다... 자매국수대기 #DDEPARTMENTJEJU store #디앤디파트먼트제주 #탐라렌트카 #제주ev6 #제주전기차 #제주카페 #제주맛집...,1.0, D DEPARTMENT JEJU
365,365,제주도 카페 디앤디파트먼트 제주 DDEPARTMENT JEJU 카페 크림 찾아가려다 잘못 들어간곳 (카페 크림과 서로 맞은편 위치) 디앤디파트먼트는 제주도 근처 핫플을 찾는 사람들이 워낙 많이 찾는 곳이라 새로운 곳에...,1.0, D DEPARTMENT JEJU
366,366,DDEPARTMENT JEJU by ARARIO d 쿠키  DDEPARTMENT JEJU by ARARIO 라스트오더는 17시 30분이다 DDEPARTMENT JEJU by ARARIO 디앤디파트먼트 건너편 DDEPARTMENT JEJU by ARARIO 귀여운 의자 DDEPARTMENT JEJU by ARARIO...,1.0, D DEPARTMENT JEJU
367,367,DDEPARTMENT JEJU 디앤디파트먼트 제주 제주 제주시 삼도이동 *영업시간 매일 11:00 ~19:00 매월 마지막 주 수요일 정기휴무 *주차는 건물 옆 *제주여행에서 휴무일 확인은 필수!  초록초록 화분이 가득한 입구를...,1.0, D DEPARTMENT JEJU
368,368,http://d-jeju.arario.com https://www.instagram.com/d_d_jeju/   d-room 묵어보고 싶었는데... 예약하는 과정이 이래저래 너무 복잡(?)하니 이번에는 패스하고 다음에는 꼭 묵어보는 걸로~ 오메기 술 마셔보고 싶다~ 소파는...,1.0, D DEPARTMENT JEJU
369,369,DDEPARTMENT JEJU store (디앤디파트먼트) 위치: 제주특별자치도 제주시 탑동로2길 3 2F 운영시간: 매일 10:30 - 18:00 매월 마지막 주 수요일 정기휴무 주차: 공영주차장 바로 옆 위치 바로 여기서 사진 핫스팟 장소! d...,1.0, D DEPARTMENT JEJU
370,370,"늘 솜씨 좋은 사람들 '늘솜창작소' 디자인, 제작, 생산을 함께하는 분들 10명이 열심히 일하고 있는 곳이었습니다. 최근에 전 직원이 천연 염색 자격증 취득했다고 합니다. 제2의 인생을 꿈꾸며, 새로운 꿈을... ",1.0,늘솜창작소
371,371,"오늘은 그러한 업사이클링 상품을 제작하고 판매하는 '늘솜창작소'를 소개해드리려 해요:) 업사이클링... 두산백과 늘솜창작소 소개 늘솜창작소 외관 위와 같은 새활용 상품을 제작, 판매하는 '늘솜창작소'는 JDC... ",0.0,늘솜창작소
372,372,이전에는 새활용창작소라는 이름으로 운영했었는데 늘솜창작소라고 이름이 바뀌었더라고요. 업사이클링이라는 말은 재활용품에 디자인과 활용도를 더해서 가치를 높인 제품이라고 합니다. 매장 안에 소품들도...,1.0,늘솜창작소
373,373,"제주의 11인의 염색가들이 만들어가는’늘솜창작소’ 핸드메이드 염색제품으로 전통적인 방식을... 천연의 재료,건강한 색을 이어가는 브랜드 ‘늘솜창작소’입니다.^^ https://www.ohmycompany.com/reward... ",1.0,늘솜창작소
374,374,"수제 마스크, 천연염색도 하는 제주 늘솜창작소 . 갑자기 추워졌어요. 전국에 눈이 내리고 있는거... 늘솜창작소 주소:제주시 연삼로 525 전화번호:***-***-**** 영업시간:10:00~18:00시 휴일:일요일,공휴일 . 여기는... ",1.0,늘솜창작소
375,375,"늘 솜씨 좋은 사람들 = 늘솜 창작소! 디자인, 제작, 생산을 함께하는 분들 10명이 열심히 일하고 있는 곳이었습니다. 최근에 전 직원이 천연 염색 자격증 취득했다네요. 늘솜창작소는 천연 염색 체험, 또는... ",1.0,늘솜창작소
376,376,위치한 '늘솜창작소' 주차는 뒤편에 할 수 있어서 도로 옆 이라도 부담 없이 갈 수 있습니당ㅎㅎ 지역상생을 위한 JDC 마을 공동체 사업 8호점 늘솜창장소(구이름: 새활용창작소) 제품 구매도 구매이지만...,1.0,늘솜창작소
377,377,엄마들이 사회적기업 설립을 목표로 공방 '늘솜온동네창작소'를 오픈했다. 늘솜온동네창작소(이하 늘솜)는 '언제나 솜씨가 좋은 따뜻한 동네 창작소' 라는 뜻이다. 자세한 기사내용은 아래 링크에서 이어집니다.,0.0,늘솜창작소
378,378,"늘 직장인을 대상으로 하던 워크숍이라 또 다른 분야의 사람들과 어떤 공감대를 만들며 설명을 할 수... 우리의 이름, 늘 솜씨 좋은 사람들 '늘솜 창작소' 제주의 11인의 염색 전문가가 만들어내는 천연 염색의... ",1.0,늘솜창작소
379,379,"자원재활용 재활용 창작소 사업단을 조직, 운영하고 지역 내 다양한 업사이클 업체와 연계해 환경문제... 진행하는 ‘늘솜창작소’,그리고 지역사회 취약계층 여성자립 지원을 위한 제로웨이스트... ",0.0,늘솜창작소
380,380,환경을 생각하는 여행을 경험해보고 싶은 분들께 제주의 가게들을 소개해 드립니다~ 제주용기 제주용기는 제주공항 인근 오일장 옆에 있는 친환경 용품을 파는 매장입니다. 감귤을 이용해 만든 세제부터 손...,0.0,제주용기
381,381,"용기 주소 제주 제주시 탑동로2길 7, 1층 영업시간 [카페] 13:00- [와인바] 17:00- 휴무일 매주 목요일... 싶을 정도로 식물이 정말 정말 많아요 제주 용기 내부는 이런 느낌 ! 식물원에 온 것 같은 듯한 느낌이 드는... ",1.0,제주용기
382,382,제주친환경편집샾 #제주친환경기념품 #제주고사리 #제주친환경 #제주제로웨이스트 #제주레스웨이스트 #친환경생활용품 #제주친환경세제 #제주세제리필 #제주리필샾 #제주용기 #띵크제주 #제주기념품,0.0,제주용기
383,383,모기가 있어 조심해야할 것 같아요 낮에는 카페로도 운영한다고 하니 궁금해지네요 어느 와인바보다 새롭고 신선했던 제주 탑동 용기 추천하고 싶네요 글 읽어 주셔서 감사합니다 모두 즐거운 와인되세요,1.0,제주용기
384,384,제 블로그 글이 제주 탑동 용기를 찾는 분들에게 도움이 되길.... 용기의 '용기'는 바로 이 용기라고... #제주용기 #제주시맛집 #제주도맛집 #플랜트바 #탑동맛집 #동문시장맛집 #제주가볼만한곳 #제주시핫플...,1.0,제주용기
385,385,여기에 판매 수익 일부는 제주 긴꼬리딱새를 보호하는 데 사용하고 다 사용하고 난 용기는 손쉽게 라벨을 분리배출할 수 있는 친환경 용기를 통해 지구 살리기에도 함께 동참을 해보시면 더 의미 있게 느껴지는...,1.0,제주용기
386,386,"공간을 식물로, 그리고 좋아하는 와인으로 가득 채웠습니다. 오후 1시부터 11시까지 오픈중이며, 식물도 판매하고 있고, 캐리어가 있다면 애견동반도 가능하니 참고하세요. #제주네추럴와인바 #용기 #제주와인바",0.0,제주용기
387,387,파도식물 / 용기 제주공항근처 와인바 / 탑동 플랜트 바 용기 주소 : 제주 제주시 탑동로2길 7 1층 (용기)... 마셨고 제주 용기는 낮에 분위기도 좋을 것 같아요 해가 들어올때 식물들이 더 이뻐 보일 것 같았어요...,1.0,제주용기
388,388,된 #제주카페 #제주용기 #카페용기 #와인바용기 건물 바깥에서 보이는 식물들이 예뻐서 들어가보게 됐는데 다음에 제주에 오면 또 가고싶은 곳이 됐어요 식물식물한 제주카페 용기 제주카페 용기의 메뉴판을...,0.0,제주용기
389,389,의도하지 않았는데 오늘 하루 종일 넘 맛있는것들 먹고 다닌 것 같아서 뿌듯하다. #제주맛집 #제주홈즈 #제주리프리지 #리프리지 #제주용기 #용기 #제주탑동맛집 #제주샐러드맛집 #제주와인바,0.0,제주용기
390,390,"준비해주신 달리도서관 분들의 열정에 감사드립니다 제게도 좋은 경험이었고 행복한 하루를 선사해주셨어요 . #리그램 - @dalli_jeju by @get_regrammer #달리프로그램후기 12월 17일 토요일, 2022또박또박, 읽고 걷다... ",1.0,달리도서관
391,391,달리도서관에 책과 관련된 글을 연재하기로 했다. 책은 언제나 읽고 있었고 글을 내맘대로 쓰는 것은 어려운 일이 아니므로 제안에 흔쾌히 오케이했다. 달리도서관의 윤홍 관장님은 내가 스무살 무렵부터 언니로...,0.0,달리도서관
392,392,수다스러운 시골아줌마 모드로 원상복귀하여 너무 많이 떠들었던것 같습니다. 예상시간보다 더 길게 떠들어서 죄송하고 감사했습니다! 누구 말마따라 행복한 밤이었어요! #송당나무 #요망진식물집사 #달리도서관,1.0,달리도서관
393,393,#양영희 #감독님 #작가님 #수프와이데올로기 #카메라를끄고씁니다 #영화 #다큐멘터리 #GV #한림작은영화관 #달리도서관 #또박또박읽고걷다 #자칭 #크레이지한가족 ✨ https://youtu.be/pLYgVCBAKMA ‘파친코’ 영화보다...,0.0,달리도서관
394,394,그림책을 보면서 명상을 해보면 어떨까 8주간의 그림책 마음 여행 달리 도서관 '그림+책 테라피... 301-0069-3954-11 / 달리도서관) [ 준비물 ] 그림책  필기구 [ 신청 문의 ] 064-702-0236 (인스타그램 (@dalli_jeju)...,1.0,달리도서관
395,395,12월 29일 제주 달리도서관에서 안녕커뮤니티와 혼자 입원했습니다에 대한 이야기를 합니다. ZOOM을... 받습니다 궁금한 점을 신청할때 같이 남겨주세요 달리도서관 전화 064-702-0236 인스타그램 @dalli_jeju,0.0,달리도서관
396,396,"제주 달리 도서관이었는데 처음 가봤지만 소모임 하기에 딱 좋은 아늑한 공간이었다. 도서관 바로 앞에... 잠시 뒤, 작가님이 도착하셨는데 생각하고 상상했던 모습과 달리 마르고 왜소해 보이셨다. 그러나... ",1.0,달리도서관
397,397,변화를 위한 그림일기' 저자인 정은혜(예술 치료사이며 화가임)님을 초빙해 달리에서 8주간의 강좌를 시작했습니다. 2시간 30분 넘게 쉬는 시간도 없이 진행된 강좌는 시간의 흐름을 느끼지 못할 정도로 엄청나게...,1.0,달리도서관
398,398,"언뜻 고향이 제주라고 들었던 건 같은데, 서울살이를 정리하고 귀향해 도서관을 연다는 소식이었다. 그게 바로 '달리도서관'이었다. '달리'는 달빛 아래 책 읽는 소리의 줄임말이라고 한다. 또 모든 것을 '달리... ",0.0,달리도서관
399,399,달리도서관은 그냥 일반도서관이 아니구요. 문화운동을 하는 대안도서관입니다. 주차하느라 조금... 해녀분들은 깊은 수심까지 잠수를 하기 때문에 귀통증이나 관절염 같은 잠수병에 평생 시달리며 물질을...,1.0,달리도서관
400,400,"인화로 사회적협동조합 인화로 사회적협동조합은 공동체 발전에 기여하고, 운영 수익금은 지역의... 등 사회적경제 인큐베이팅 사업수행 4. 자원재활용 재활용 창작소 사업단을 조직, 운영하고 지역 내 다양한... ",0.0,인화로사회적협동조합
401,401,"제주도의 대표적인 마을 기업, 사회적협동조합 인화로사회적협동조합에 강의를 왔습니다. 마을에서... https://blog.naver.com/cacaofamily_jeju/222810125140 오늘은 제주도 제주시의 마을기업 인화로 협동조합에 강의차... ",1.0,인화로사회적협동조합
402,402,"제주시 일도2동에는 마을 사람들이 서로 힘을 모아 만든 사회적협동조합이 있습니다. 인화로 사회적협동조합은 행정자치부로부터 인가를 받은 사회적협동조합, 비영리법인으로 지역주민들이 자유롭게 만나고... ",1.0,인화로사회적협동조합
403,403,인화로사회적협동조합(이사장 강성일)과 사단법인 제주오름보존연구소(이사장 김홍구)는 지난 2일 제주 오름 보전과 오름연구조사 및 자료 공유를 위한 업무협약을 체결했다. 출처...,1.0,인화로사회적협동조합
404,404,사회적 협동조합의 최종 목표는 조합 자체가 사라지는 것이다. -송창윤 인화로 사회적 협동조합 이사장... #인화로사회적협동조합 #인화로 #제주사회적협동조합 #jdc #제주여성인력관리센타 #중장년일자리...,0.0,인화로사회적협동조합
405,405,"제주책 인화점 제주책과 마을 잇기 PROJECT 제주특별자치도교육청, 인화로사회적협동조합/ 150*210mm/ 58면/ 무선철/ 비매품 ‘제주책 인화점’을 시작하는 까닭 제주의 마을을 사랑하는 마음이 가득한, 제주도에... ",1.0,인화로사회적협동조합
406,406,"[네이버 지식백과] 업사이클링 (시사상식사전, pmg 지식엔진연구소) 인화로 사회적 협동조합에서 매주... 서울특별시 신체 173cm, 90kg 소속 바다쓰기(대표), 해양문화교육협동조합(이사) 가족 슬하 1남 1녀 경력... ",0.0,인화로사회적협동조합
407,407,"인화로사회적협동조합은 행정자치부로부터 인가를 받은 사회적협동조합, 비영리법인입니다. 인화로사회적협동조합은 일도2동 마을사람들이 서로 힘을 모아 행복한 공동체를 만들 방법이 없을까 하는 고민에서... ",1.0,인화로사회적협동조합
408,408,"인화로 사회적협동조합에서 취약계층에게 신규 일자리기회를 제공하고 코로나 19로 어려움을 겪는... ㅎㅎㅎ 소상공인, 마을생산품, 사회적 기업 연계제품 홍보할 시 방송제작에 대한 지원도 이뤄진다고... ",0.0,인화로사회적협동조합
409,409,으네짱 #제주도일자리 #이음일자리 #40세경력단절여성 #SNS마케터 #카드뉴스 #미리캔버스 #홍보영상제작 #유튜브채널개설 #아꼬은1쪼 #JDC #인화로사회적협동조합 #느영나영복지공동체...,1.0,인화로사회적협동조합
410,410,"다함께 만드는 행복농촌 이야기 한국농촌경제연구원, 농어업인 삶의 질 정책 우수사례 세화마을 주민들의 행복텃밭 질그랭이거점센터 | 소재지 | 제주특별자치도 제주시 구좌읍 세평항로 46-9 | 단체명... ",1.0,"질그랭이구좌
거점센터"
411,411,농어촌활성화사업 구좌읍 세화리 2018년 리모델링이 되기전 세화리사무소에서 첫수업이 진행되었었는데요 리모델링이 된 질그랭이 거점센터에서 실제 사용할 라탄소품들을 실무자분들과...,1.0,"질그랭이구좌
거점센터"
412,412,"세화 #질그랭이거점센터 소개하겠습니다. 제가 이곳을 알고부터는 제주 동쪽 갈 때마다 들러요. 장소 끝내주죠, 음료, 빵 맛있죠, 가격도 착해요. 질그랭이센터 0507-1468-2027 제주특별자치도 제주시 구좌... ",1.0,"질그랭이구좌
거점센터"
413,413,떠나는 날 오전에 예매 후 퇴근 후 바로 제주도로 →제주 제주시 구좌읍 세평항로 46-9 4층 세화밖거리에... (당황;) 다시 확인해 보니 위 질그랭이 구좌 거점센터 4층이 숙소였던 것 ! 옆쪽엔 큰 주차장이 있고...,1.0,"질그랭이구좌
거점센터"
414,414,질그랭이 거점센터로 쉬어가는 쉼터 역할도 하고 있다. 다양한 제로 웨이스트 제품들도 만나볼 수 있음. 해녀삼춘 모습이 수놓인 소창 정말 다양한 제품들이 있었다. 구경하는 재미도 쏠쏠. 구좌에서...,1.0,"질그랭이구좌
거점센터"
415,415,있는 질그랭이구좌 거점센터가 나옵니다! 세화밖거리는 질그랭이구좌 거점센터 4층에 있어요 제가 머문 방은 1인실로 '아도록한' 이었어요 아도록한은 제주어로 아늑하다라는 뜻이라고 합니당 아도록한 방은...,1.0,"질그랭이구좌
거점센터"
416,416,"질그랭이구좌 거점센터. 카페477+(플러스), 로컬푸드 스토어, 마을주민여행사, 지구촌가게, 공유 오피스... 해녀탈의장 #질그랭이거점센터 #세화등대 #돈물통 #해녀항일기념탑 #통항동폭낭 #구좌읍사무소... ",1.0,"질그랭이구좌
거점센터"
417,417,각 층마다 간략한 소개가 되어있어 참고하시면 센터에 대해 쉽고 빠르게 알아보실 수 있으니 많은 시청 부탁드립니다 :) #질그랭이센터 #질그랭이거점센터 #세화마을 #세화리 #구좌세화 #세화 #카페477플러스...,1.0,"질그랭이구좌
거점센터"
418,418,"제주, 구좌로컬푸드를 활용한 음료와 쌀빵을 판매합니다. 라고 되어 있다. 개인 카페들도 잘 되어야... 음료와 빵들을 먹으러 갈 예정이다. 주차장 : O (질그랭이센터 앞에도 있고, 바로 옆 거점주차장(무료)도 있다.)",1.0,"질그랭이구좌
거점센터"
419,419,"뭐고 질그랭이센터는 뭐지? 오늘 두 가지를 다 알려드릴께요! #세화마을협동조합 구좌읍 세화리 마을... 마을의 거점역할을 하기 위해 리모델링과 증축을 하였고, 2020년 완공이 되었답니다. 완공된... ",1.0,"질그랭이구좌
거점센터"
420,420,제주도 여행 4일차 코스 에이바우트뷰 강정 - 어나더페이지 - 가파도 - 태봉왓 - 낭꾸러기 - 진성배낚시 - 신라호텔 더파크뷰 오늘은 전날 예약한 진성배낚시를 하러가는 날! 제주도에 입도하는 날부터...,1.0, 어나더페이지
421,421,이번 제주 여행중에는 서귀포 대정읍에 있는 독립서점 '어나더페이지'를 방문했습니다.... 한페이지마다 물음을 던지며 유쾌한 생각을 하게 만드는 책입니다. 짧고 간결한 구성이 사이다처럼 톡톡 쏘아 주는...,1.0, 어나더페이지
422,422,"오늘은, 요즘 대세인 독립서점 어나더 페이지와 읍지역에서 48년이라는 오랜 전통을 유지하면서... 북 큐레이션 서점 :어나더페이지 ♣제주 서귀포시 대정읍 동일하모로 220번 길 19 ♣오픈 ·일월화수 10:00 -17... ",1.0, 어나더페이지
423,423,"첫 번째 목적지는 모슬포에 있는 어나더 페이지라는 작은 책방이다. 책방으로 가는 길, 도로가 빵... 드디어 어나더 페이지에 도착했다. 이 책방은 동네 한가운데 있었다. 근처에 대정 초등학교도 있다. 작은... ",1.0, 어나더페이지
424,424,밥먹고 배부르니까 ^^ 그리고 예전부터 와보고 싶었던 어나더페이지!!! 책도 많고 날씨도 좋고 사장님도 친절하시고.. 기분 최고 소박한 삶이라는 책도 사서 사계 해안에서 읽을 생각으로 구매! 사장님께 육지에...,1.0, 어나더페이지
425,425,어나더페이지에서는 이런 이벤트가 종종 있으니 인스타그램 팔로우해서 소식 챙겨보면 좋을 듯. 내부는... 어나더페이지가 어떤 가치를 지향하는 지 알 수 있는. 좋다 좋아! 최근 내 관심사인 환경. 먹고 사는...,1.0, 어나더페이지
426,426,[어나더페이지] 멀티 윈드브레이커 자켓 차콜  사이드 버클 포턱 드레이프 팬츠 민트 스펙 : 172cm 62kg 사이즈 : 상의 - M 하의 - S 처음 들어보는 브랜드 어나더페이지에서 상품을 제공 받았습니다 긴가민가했는데...,1.0, 어나더페이지
427,427,지구 시민을 위한 차별 없는 책방 어나더페이지(북카페) 서귀포시 대정읍 동일하모로 220번길 19 어나더페이지는 서귀포시 대정읍에 있는 제로웨이스트 북카페입니다. 카페의 기능보단 책방으로서 기능이 더...,1.0, 어나더페이지
428,428,"제주 어나더 페이지 운영시간 10:00-17:00 금,토요일 10:00-19:00 비가온 날이여서 운치 있었어요... 합니다 #제주도미영이네 #미영이네 #미영이네고등어회 #고등어회맛집 #제주고등어회 #제주책방 #제주어나더페이지... ",0.0, 어나더페이지
429,429,"첫페이지에 언제 누구랑 왔는지 써두신다. 낙산사에 갔을때도 사찰에서 한권, 인도에 갔을때도 공항에서 한권 등등 나의 여행은 사진으로 남고, 엄마의 여행은 책으로 남는다. 어나더 페이지 원고지 메모장과... ",1.0, 어나더페이지
430,430," 좋아하는 공간, 몇 해 전 포스팅은 위에 2022년 새롭게 단장한 책밭서점  완전 귀여워짐ㅋㅋㅋㅌ초록초록 책밭 외관 페인트칠과 간판 교체✨ 덕분에 골목길이 환해졌다! 역시 초록초록 식물이 주는 싱그러운... ",1.0,책밭서점
431,431,보통은 인터넷 서점 등을 들러서 책을 구입하다가 없는 책들은 중고서점에 들어가서 구입했는데 이번에 새로 알게된 제주에 있는 중고서점인 책밭서점과 동림당을 찾아가 보게 되었어요 먼저 책밭서점입니다....,0.0,책밭서점
432,432,"박물관은 정말 재밌다 책밭서점에 왔습니다. 헌책방의 매력이 물씬 느껴지는 방대한 책들 바둑칸도 있어요.. 나도 동은이가 되어볼까..^^ 좋아,, 오늘부터 내 꿈은 무서운 하수 우무에 왔습니다 우무!!! 작년에... ",1.0,책밭서점
433,433,그래서 김 대표는 지역문화산업의 한 부분을 담당하고 있다는 자부심을 갖고 오전에는 농사를 같이 하면서 오후에는 서점을 계속 운영하고 있다는 설명이다. 제주도에서 가장 오래된 헌책방인 책밭서점은...,1.0,책밭서점
434,434,1시간 반을 책밭에 있다가 배가 고파서 나왔다 ㅋㅋ 류시화 시인의 좋은지 나쁜지 누가 아는가와... 연아커피와 함께 제주도의 저녁 공기 마시고 난 후 책밭서점에서 오늘 델고 온 책 1부까지 읽었다. 오늘의...,1.0,책밭서점
435,435,제주에서 가장 오래 된 헌책방 ‘책밭서점’ 애들 등원시키고 혼자 가 봤다. 헌책방 특유의 시간의 흔적이 보이는 느낌이 너무 좋았음. 한참을 구경하다 나왔다. 동탄에서는 신도시라 그런가 학교 앞에 가도...,0.0,책밭서점
436,436,아래 지도에서 빨강색이 '헌책방 동림당' 초록색이 '책밭서점'입니다. 네이버 기준 걸어서 22분 나오네요~~ 날씨 좋으면 실실 걸으면서 동네 구경하기 좋습니다~ 여행중에 들린 서점들에서 득템한 애들...,1.0,책밭서점
437,437,꼭꼭 책밭서점엔 들려야지! 하고 부랴부랴 갔다. 숙소 앞에 2~3분거리에 위치한 헌책방이다. 다른 중고서점 느낌이 아니라 정말 옛날 헌책방 느낌이라 더 좋았다. 와보길 잘 한듯 그런데 정말 옛날책들이 많아서...,1.0,책밭서점
438,438,오후에는 책밭에서 일을 한다. 그래서 오전에 가면 허탕을 치고 책방 입구 사진만 찍고 돌아올 수도... 말로만 듣던 사회과학 전문서점이다. 내가 광양이라는 곳에 살았을 때에 책밭서점은 지금의 장소에 있지...,1.0,책밭서점
439,439,"부산이나 서울 살 때는 중고서점에서 구경하고 약속시간 전에 일부러 들리고 그런 거 참 좋아했는데, 제주는 편하게 갈 서점이 없었다 그러다 발견한 책밭서점  진짜 책밭이다! 들어가자마자 오래된 책 냄새가... ",1.0,책밭서점
440,440,특히 헌책방. 추억의 책들을 발굴해낼 수 있기 때문인데 헌책방 동림당에서 보낸 시간은 다른 이유로 좋았다. 책방 사장님께서 이것저것 설명해 주셨고 그게 굉장히 유익하고 즐거운 시간이었다. 평소 종이책이...,1.0,헌책방 동림당
441,441,특이 아들이 더 그렇네요~~ 헌책방 동림당 제주도 제주시 관덕로 2길 24 영업시간 : 화~토 13:00~19:00 지하서점 일~월 13:00~18:00 2층 전시장 두번째 방문장소 '헌책방 동림당'입니다. 여기는 헌책방이랑 전시장을...,1.0,헌책방 동림당
442,442,집 가는 길에 책 한권 사고싶어 근처 서점을 살펴보다가 오 헌책방이 있어요 !!! 헌책방은... 담겨있거 스템프를 띡을 수 있습니다 신나네용 동림당 영업시간 13:00-19:00 제주책방탐방 헌책방 동림당 추천드려용,1.0,헌책방 동림당
443,443,동네 헌책방 행사에 다녀왔습니다. 제1부 ‘제주 속 우리네 삶 흔적 ’전이 7월 4일 ~17일 오전 10시부터... 구도심으로 불리는 관덕로에 있는 '제주 동림당'은 헌책과 골동품까지 겸비해 작은 듯 깊고 의미 있는...,1.0,헌책방 동림당
444,444,"문에 대문짝만하게 헌책방 동림당이라고 쓰여져 있는데도 불구하고. 가끔 문닫고 어디 가신다는 어느... 팔 전집을 찾고 싶었던 것 같지만, 오늘의 네 권도 만족스럽다. 이제 읽어봐야지. #제주일상 #헌책방 #동림당 #",1.0,헌책방 동림당
445,445,2층 전시장과 지하서점을 동시에 운영을 안하셔서 한번에 두곳을 구경을 못하는 것은 조금 불편할만한 점인것 같다. #헌책방 #중고서점 #제주도헌책방 #헌책방동림당 #동림당 #헌책방투어 #헌책방순례 #헌첵방탐방,1.0,헌책방 동림당
446,446,헌책방 동림당에 갔다 전시장은 열지 않아 가지 못했다 네 권의 책을 샀다. 내부 사진은 가서 직접 확인하시길... 자꾸 책이 발에 채여... 글자들이 옛날거라서 조그맣고 정자체다. 너무 좋다. 좀 찝찝하긴 한데...,1.0,헌책방 동림당
447,447,자전거로 30분이면 갈 수 있는 곳이네요. 한국에서만 해마다 약 8000만권의 책이 쏟아져 나온다. 냉정하게 말하자면 가정에서도 책장을 차지하는 종이책은 이사를 해야할 때는 천덕꾸러기 신세인데요. 수...,0.0,헌책방 동림당
448,448,제주도 책방  헌책방 동림당 by #러브썸 주소 - 제주 제주시 관덕로2길 24 지하 영업시간 - 화~토 / 13:00~19... 확인해보시길:) #제주책방 #제주도헌책방 #제주책방추천 #탑동책방 #동림당 #제주서점...,1.0,헌책방 동림당
449,449,"그러나 헌책방은 또 다른 성격이 있고, 직접 찾아가야 의미가 더 있는 일종의 동네책방 성격도 있습니다. 평대 위에 한 권씩 놓인 것은, 책방 축제의 하나로 열리는 저자 사인본들을 전시한 것입니다. 이런... ",1.0,헌책방 동림당
450,450,"제주어린이 책방 북스페이스 곰곰. 엄마와 그림책 협도조합에서 운영하는 엄마와 그림책 9기 교육을... 공간, 북스페이 곰곰입니다. 유아, 초등학생, 어른을 위한 그림책과 어린이책에 집중하는 어린이... ",1.0,북스페이스 곰곰
451,451,북스페이스 곰곰 : 제주시 우평로 45-1 바인빌딩 1층 (도평에 위치) 주차장도 있습니다. 코로나가 오기... 북스페이스 곰곰에서는 많은 강의. 수업이 있어요. 이제는 둘 째 아이도 즐겁게 다녀오는 공간이...,1.0,북스페이스 곰곰
452,452,"가면 #북스페이스곰곰 이 있어요. #제로웨이스트샵 과 #엄마와그림책협동조합 을 같이 운영하는... 북스페이스곰곰은 어린이를 위한 책과 수업, 엄마를 위한 책과 수업을 하고 있는데요. 4월 봄에는 #마더북... ",1.0,북스페이스 곰곰
453,453,(※ 전종환 작가님의 북토크에 연달아 두번 간 것이 계기가 되었지요!)   첫번째 오프라인 북토크는 외도에 #곰곰북스페이스 에서 열렸습니다. 오랜만에 오프라인 북토크였는지 제가 또 긴장이 되었나봐요....,1.0,북스페이스 곰곰
454,454,제주 그림책방 북스페이스 곰곰 저의 첫 대면이자 제주에서 치른 북토크는 제부 그림책방인... ^^ 그림책방 곰곰 사장님께도 제 책 한 권 선물해 드리고 왔어요. 시온님. 감사합니다. 덕분에 잘 했습니다. 북토크...,1.0,북스페이스 곰곰
455,455,"(어나더페이지, 북스페이스곰곰), 소매점 4곳(지구별가게, 꽃마리협동조합, 핸드메이드라이프... 관심을 가지니 보이기 시작하는 것이 변화라고 하면 변화겠지요 북스페이스곰곰 아들과 함께 방문을 했답니다.... ",1.0,북스페이스 곰곰
456,456,#동백꽃이툭#제주강연#설문대어린이도서관#북스페이스곰곰#오줌폭탄서점#작가강연... 4시30분~6시 북스페이스 곰곰에서◆ 김선 시인과 4.3평화공원의 겨울 제주 겨울 동백꽃 ◆2022년 7월...,1.0,북스페이스 곰곰
457,457,이곳은 '북스페이스 곰곰'이예요. 이런곳에 가면 그냥 나오지 않고 꼭 책을 사가지고 나오는데(예의라고 생각^^) 양손 무겁게 나왔답니다 ㅋㅋ 계속 책 읽고 싶어하는 나엘이땜에 호텔 가서 수영해야지! 하고...,1.0,북스페이스 곰곰
458,458,"이 축제에 참여한 책방은 책방네트워크 소속 22곳 중 19곳이었고, 내가 방문한 북스페이스 곰곰은... 북스페이스 곰곰은 어린이들을 위한 책들이 많이 마련되어 있는 책방이었다. 그런 곳이니만큼 학부모들과... ",1.0,북스페이스 곰곰
459,459,이번에 소개할 곳은 북스페이스 곰곰입니다. 이곳은 12시에 오픈하는 곳이어서 일찍 도착하여 먼저 2층에 있는 마농에서 식사를 하였답니다. 품위 있게 식사를 마치고 내려오니 곰 아저씨처럼 포근하게 책방...,0.0,북스페이스 곰곰
460,460,그중에 오늘은 어린이 동시전문서점 '오줌폭탄'을 소개 해봅니다. 제주 돌담길 사이 마을 안에 자리 잡은 이 서점은 어른들도 잠시 동심으로 돌아가게한답니다. 그럼 출발해봐요~ 오줌폭탄 전화 : 0507-1404-3795...,1.0,오줌폭탄 동시전문서점
461,461,#오줌폭탄제주서점#동시전문서점#함덕서점 #제주그림책서점 동네삼춘이영 열애중 행사에 함께하기로 했는데 코로나 상황 4단계라 연기가 됐다. 하지만 제주 여행은 예정대로 왔다. 서점은 오픈...,1.0,오줌폭탄 동시전문서점
462,462,우도렐라분하고 친분이는분이 미니책방 오픈하셔서 오늘 함덕에 댕겨왔어요ㅡ^^ 책방ㆍ서점 상호가 오줌폭탄 제주어동시집 할망네 우영팟듸 자파리 출판 기념 및 동시전문서점 오줌폭탄 문을 여는 축하...,1.0,오줌폭탄 동시전문서점
463,463,있습니다 #제주동시전문서점 오줌폭탄 간판도 벽화로 그려서 참 이쁘네요~ 동시전문서점 오줌폭탄 입구에는 오줌폭탄 사장님이자 오줌폭탄 동시집 작가이신 김정희작가님의 책들이 진열되어 있습니다 문을...,1.0,오줌폭탄 동시전문서점
464,464,"아침간단히먹고 함덕비치골목나갔어요~~ 제주도는 돌이많아 골목길걷는것도 봄바람맞으며 걷는기분이좋네요~~ 함덕골목길:오줌폭탄(어린이동시서점) 제주,오줌폭탄 동네동시책방 켈리로된골목이있어서... ",1.0,오줌폭탄 동시전문서점
465,465,#제주어캘리그라피 #제주캘리 #캘리벽화작업 #제주동시올레길 #제주동시서점 #오줌폭탄 김정희작가님의 오줌폭탄 제주동시서점 #제주캘리그라피 #제주캘리 #캘리그라피전시회 #동시캘리그라피 #제주서점...,0.0,오줌폭탄 동시전문서점
466,466,"#작가강연#제주에서작가만남#서점특강#제주서점여행#제주책방투어 2022년 7월13일(수)~7월18일(월) 저는 제주에 머물 예정입니다. 독자와 만나는 강연 겸 여행입니다. 2022, 7, 16. 2시~4시 달작은 오줌폭탄에... ",0.0,오줌폭탄 동시전문서점
467,467,4시30분~6시 북스페이스 곰곰에서◆ 김선 시인과 4.3평화공원의 겨울 제주 겨울 동백꽃 ◆2022년 7월 16일 2시~4시 제주 동시전문서점 오줌폭탄에서◆ 제주 오줌폭탄지기 김정희 시인...,0.0,오줌폭탄 동시전문서점
468,468,그 시월의 마지막 밤 *제주 동시전문서점 오줌폭탄에서 *김미희 작가와 함께하는 낭독콘서트 서점 앞 팽나무 관리인이 지나는 사람들에게 방송을 한다. 비행기 타고 온 작가 만나러 옵서예!!! 동시전문서점...,1.0,오줌폭탄 동시전문서점
469,469,#제주서점#동시전문서점#작가강연#학부모특강#동시특강#김미희작가#영어말놀이동시 때로는 전혀... 엄마 기일이라 제주에 간 김에 오줌폭탄에 들르게 되었다. 바쁜 신학기. 번개 강연. 다섯 분의 어머니들이...,0.0,오줌폭탄 동시전문서점
470,470,"제주도 제주시 한경면 제주청소년카페그래 (커피숍) 제주특별자치도 제주시 한경면 고산리 2863-6번지 / 제주특별자치도 제주시 한경면 고산로 4, 2층(63008) 2020. 03. 15 한경면 커피숍",1.0,제주청소년카페그래
471,471,가능) 제주 동백수목원 가시는 분들은 동박낭 카페도 함께 들리시는 분들이 많으신데요. 왜냐하면 동백수목원에서 도보로 50m만 걸어가면 될만큼 아주 가까운 곳이면서 사진도 찍기 좋은 곳이라 그래요....,1.0,제주청소년카페그래
472,472,"키즈카페 요금도 요즘은 이것보다 비싸죠. 거기다 이곳은 시간제한도 없답니다. 일반 요금 / 성인 14000원, 청소년 13000원, 어린이 11000원 제주도민할인 / 성인 10000원, 청소년 9000원, 어린이 7000 카운터에 보이는... ",1.0,제주청소년카페그래
473,473,"(6,000원), 청소년/어린이(4,000원) 문의전화 : 064-783-9900 무료해설 프로그램 운영(매주화요일휴무) : 오전(9... 그래 제주마음샌드!!!!! ㅋㅋㅋㅋㅋㅋㅋㅋㅋㅋㅋㅋㅋㅋㅋㅋㅋㅋ 제주마음샌드가 떠올랐다 예전에는... ",1.0,제주청소년카페그래
474,474,"2.제주청소년카페그래 메뉴 : 녹차라떼 3,000원 주소 : 제주 제주시 한경면 고산로 4 전화번호 : ***-****-**** 영업시간 : 08:00 - 19:00 고산초등학교에서 차로 2분 거리에 위치한 제주청소년카페그래를 방문했어요.... ",1.0,제주청소년카페그래
475,475,"#입장료 어른(25세 이상) - 2,000원 어린이(7-12세) - 1,000원 청소년(13-24세) - 1,000원 군인(하사 이하) -1,000원... #서귀포가볼만한곳 #중문카페추천 #중문더클리프 #중문선셋맛집 #수제버거 #제주오션뷰카페... ",1.0,제주청소년카페그래
476,476,"8 입장료 : 성인 5000원 초등학생,청소년,경로,제주도민 3000원 방문날짜 : 2023.2.8 저희는 꽃이 많이... 동백나무예쁜곳 #제주서귀포가볼만한곳 #제주도가볼만한곳 #서귀포가볼만한곳 #제주정원카페 #제주분좋카",1.0,제주청소년카페그래
477,477,"카페 #제주스누피가든기념품 제주 제주시 구좌읍 금백조로 930 (송당리 2303-3) 성인 18,000원 청소년 15... 그래서 10x10 사이트에서 찾아봤는데 없는 듯. 그래요 그냥 제주에서만 팔아요. 그게 한정판 굿즈의... ",1.0,제주청소년카페그래
478,478,"입장료도 있답니다 : — [입장료] 성인 6,000원 청소년/어린이 5,000원 제주도민 3,000원 국가유공자,장애인... 이니까 ~ 그래도 제주 시내에 좋은 호텔에서 하루 묵으면서 수영도 하고 근처 맛집 가서 맛있는 저녁도... ",1.0,제주청소년카페그래
479,479,"그래 너희들 덕분에 별의별 곳을 다 가보게 되겠어. 분명 실내 사격장이라는 말을 들었는데도 왜 또... 또 어린이, 청소년도 즐길 수 있는 시뮬레이션 및 비비탄 사격장 등 부대시설을 완비하고 있다. 실내... ",1.0,제주청소년카페그래
480,480,숙소에서의 즐거운 추억남기고 bye~ 정겨운 제주 독채 민박 찾으신다면 옹포소녀 참고해보세요~ ㅎㅎ #제주독채민박 #제주도독채민박 #제주민박 #옹포소녀 #제주한림 #한림숙소 #제주도한림숙소 #제주한림숙소,1.0,제주소녀
481,481,"되쥬~~ ☆ 제주 소녀  뭍' 나들이 1일차 클라임파크 암벽등반 ClimbPark 경남 양산시 상북면 와곡3길 31... 대부분 아이들이 유치원,학교에 있을 시간이죠 ㅋㅋ  제주에서 조카들이 올때 마다.. 공항에서... ",0.0,제주소녀
482,482,그 지역의 히스토리와 특색이 있는 곳에 매장을 내는데 제주도에서는 왜 여기였는지 확인하고 싶었다. 그런데 답은 못 찾았다. 제주소녀는 사람들이 일부러 찾지 않는다. 더 좋은 의도와 요새 맞는 핫한...,1.0,제주소녀
483,483,과일팔이소녀 제주 조생귤 구매링크 ※ 현재 리뷰 이벤트 진행 중이니 꼭꼭 참여하세요! 제주산 조생귤 ‘조생’이라는 품목은 새콤달콤한 맛이 가장 두드러지며 보관 기간이 길기 때문에 상온에 보관하면서...,1.0,제주소녀
484,484,제주도는 그 이름만으로도 힐링의 대명사가 된지 오래다. 많은 사람들이 힐링을 꿈꾸고 제주를 제2의... 비자림 근처에 위치한 제주소녀. 이곳을 가기 위해 비자림에 잠깐 들렀다. 일일 쿼터제를 실시한다는...,1.0,제주소녀
485,485,청소년들이 자신의 생명을 소중히 여기길 바라는 이동규 님의 따뜻한 마음 덕분에 올해 진행되는 교육이 벌써부터 기대가 되네요. 세상에서 가장 아름다운 선물 - 미국인의 생명을 구한 제주 소녀 김유나 양...,1.0,제주소녀
486,486,임진영 2003년생 2021년 입회 2022년 정규투어 데뷔 키 163 소속 카스텔바작 제주 출신 데뷔 고등학교... 현재 제주 삼다수 대회 고향에서 상위권 기록중 얼마나 좋은 성적을 거둘지 기대가 된다 윤이나...,0.0,제주소녀
487,487,제주소녀 김유나 양의 장기기증 이야기.. 마음속에 심은 생명나눔의 가치” 제주 지역 최초 초등학생을 위한 생명나눔 및 존중교육 우도초에서 실시 http://www.newsje.com/news/articleView.html?idxno=262863 “유나 누나...,1.0,제주소녀
488,488,엄마가 제주시집에 있었어서 내차타고 엄마랑 같이 갔다가 엄마가... 다시 차를 가져갔어요 .. 헤헤... 난몰라 응 ㅎㅎㅎㅎㅎㅎ 우도땅콩 이건 우도소녀 소라 리나선생님이 자기네집에서 직접 키운 땅콩을...,1.0,제주소녀
489,489,(전깃줄이 없었으면 더 좋았을 것을...) 제주 산방소녀 위치 및 정보 매일 9:00~ 21:00 (9시에 문을 여는 것이 엄청 큰 메리트입니다. 호텔 조식 대신 먹을 수 있어요) 주차 : 가게 앞 이면 주차 가능 특이사항...,1.0,제주소녀
490,490,"#AND유CAFE #앤드유카페 0507-1302-9564 제주 제주시 한림읍 한림로 518(옹포리 203) 12:00 - 19:00 브레이크 타임 15:00 - 16:30 라스트 오더 18:00 매주 화요일, 수요일 휴무 주차는 건물 옆 골목 흰 선 안쪽에 하면 되고... ",1.0,AND유CAFE
491,491,비거니즘과 환경보호를 꾸준히 알리고자 하는 제로웨이스트 식당 AND유CAFE 제주시 한림읍 한림로 518 4년 전부터 한림읍 옹포리에서 채식 카페 겸 식당을 운영하는 AND유CAFE는 이미 도내에서 많이 알려진 채식...,1.0,AND유CAFE
492,492,"맛있는 “AND 유 CAFE”를 다녀왔어요! 위치 첨부해 뒀습니다! 주차장은 없지만 가게 주위로 2,3대... 앤드 유 카페는 화, 수요일이 휴무여서 가볼 수 있었어요! 영업 시간은 11:00 ~ 19:00 까지이며, 라스트오더는 18... ",1.0,AND유CAFE
493,493,AND 유 Cafe 큼지막하게 비건 쓰여져 있어 반가웠다 입구 왼쪽에 식료품을 진열해놓은 냉장고가 있고 오른쪽엔 주방이 있다 안쪽으로 들어가면 테이블이 있다~ AND 유 Cafe 내부 There is no planet B. 또 다른...,0.0,AND유CAFE
494,494,"범죄야 시키들아 협재에서 숙소 가는 길에 편의점 몇 개 있는데 이왕이면 고양이 있는 여기로 옴 ;) And유cafe, 나의 하루의 하이라이트가 되어줘 여긴 환경 관련해서 읽을 거리가 가득하다. 재밌게 읽다보면... ",1.0,AND유CAFE
495,495,"#내돈내산 #제주비건식당 #봉그깅마시깅 #and유카페 #and유cafe 안녕하세요 제주도민 영보입니다! 조강행... 같이 간 친구는 and 유 카페 이름이 들어간 and 유 샌드위치(10,000원)를 주문했고요. 음식뿐만 아니라... ",0.0,AND유CAFE
496,496,"[비건식당카페] 제주의 비건식당: 제주시 협재/한림읍 “앤드유 카페(AND 유 CAFE)” 아마 제주에서 비건식당으로 가장 유명한 곳!?!? 100퍼센트 비건 식당카페이기도 하고, 유명 연예인들도 많이 다녀갔다.... ",1.0,AND유CAFE
497,497,"AND 유 CAFE 제주 제주시 한림읍 한림로 518 월, 목, 금요일 12시 - 17시 (No break) 토, 일요일 11시 - 19시 (15시... AND 유 CAFE는 현재 코로나19로 인해 예약제로 운영하고 있습니다. 당일예약도 가능하니 방문하시기... ",1.0,AND유CAFE
498,498,제주 한림에서 유명한 #비건 #앤드유카페 에 다녀옴.ᐟ 약간의 tmi지만 이날 협재 근처에서 놀았는데 약간 덕후투어 루트였듬 점심-앤드유 카페(몬스타엑스) 디저트-우무(재찬) 하지만 맛만 있으면 오케이 인 우리...,1.0,AND유CAFE
499,499,"한림읍 옹포 포구 근처에 비건 식당이자 카페인 AND 유 CAFE_ 앤드유카페, 비건랩 제주 동쪽에 살면 제주... 까!!! 심지어 프리마켓에 앤드 유 카페가 출동한다는 소식을 들으면 포장 용기를 들고 찾아가기 하고... ",1.0,AND유CAFE
500,500,"브로콜리 데치기 먹기 알맞은 시간 초장 만드는법 초고추장 만들기 굿모닝입니다 :-) 해가 떠오르는 데... 데쳐주는 시간은 1, 2분 정도면 충분합니다. 경우에 따라 몇 분 이상씩 데쳐도 무방하긴 하지만, 브로콜리... ",1.0,알맞은시간
501,501,크게 울리는 커피 머신 소리와 볼륨 크기는 아쉬웠지만 드디어 감자한모와 두유커피를 알맞게 즐긴 시간이었다. 알맞은시간 https://www.instagram.com/egg_hit_time/ 위치 : 제주 서귀포시 남원읍 신흥앞동산로35번길 2...,1.0,알맞은시간
502,502,"되는 시간이었다. 잃어버린 감성 되찾고 갑니다,, Everything you need will come to you at the perfect time 왠지 울컥 민트색 문이 귀여워서 나갈 때 한 장 .. 제주 서귀포 카페 알맞은시간 분위기나 커피 맛, 디저트까지... ",0.0,알맞은시간
503,503,2021.01.11 제주 게하 스텝으로 지내며 최고로 행벅한 시간을 보냈던 나 ... 더 잊어버리기 전에 빨리 빨리... 나중에눈 사장님이 나 알아봐줘서 신낫었는데...힣 알맞은 시간에서 알맞은 사람과 알맞은 대화 이거...,0.0,알맞은시간
504,504,덕분에 이번에도 이렇게 조용한 분위기에서 호젓한 시간을 보낸건 좋았지만. 그래도 또 손님이 너무 없어서 어느 순간 사라져버리면 아까운데. 부디 세번째 방문시에도 건재하길. 5시40분에 알맞은시간을 나올...,1.0,알맞은시간
505,505,이때의 시간이 오빠에게 많은 위로가 됐길...! 그리고 4개월 뒤 2020.06 올레길 걸으러 온 신혼여행 중 하루는 그냥 일상복입고 놀러다니기로 했는데 그 날 '알맞은 시간'에 갔다 그땐 4코스에 있는 카페란 것도...,1.0,알맞은시간
506,506,냄비에 고구마찌는법 알맞은 고구마 삶기 삶는 시간 눈 한 번만 질끔 감으면 세상 편하게 살 수 있는데 오늘도 그걸 못해 제가요! 하는 바람에 여태껏 쪽파김치와 갓김치를 담다 온 똥썹맘인데요. ㅡㅡ 이번 해...,1.0,알맞은시간
507,507,알맞은 시간 주소 | 제주 서귀포시 남원읍 신흥앞동산로35번길 2-2 영업시간 | 10:00 ~ 18:00 / 금요일 정기휴무 바지 밑단이 다 젖었지만 .. 헥헥 도착! 돌창고를 개조한 조용한 카페다. 들어오면 이렇게 아기자기한...,1.0,알맞은시간
508,508,숙소랑 알맞은 시간을 같은 분이 운영하신다는 놀라운 사실! 숙소 리뷰는 따로 포스팅 예정 #녹음실 우리는 녹음실에서 1박을 한 다음날 아침 투숙객에게 제공되는 무료 커피를 마시러 들렀다. 오픈 시간도 제주...,1.0,알맞은시간
509,509,배를 두드리며 향한 곳은 제주도여행 3일차만에 처음 방문하는 카페 3일 만에 카페를 처음 방문 ㅋㅋ 카페 알맞은 시간으로 이동합니다. (마눌님과 저는 카페 데이트 별로 싫어해요) 카페 알맞은 시간 도착 혹시...,1.0,알맞은시간
510,510,제주공항에 도착하자마자 할 일이 3가지 있었다. 푸른컵 대여하기 파리바게트에서 예약해 둔 마음샌드... 캐스퍼렌트후기 #캐스퍼후기 #제주마음샌드 #제주파리바게트 #제주푸른컵 #제주다회용컵 #제주텀블러대여,1.0,제주푸른컵
511,511,제주도 여행 시 필요한 텀블러 제주 푸른컵 대여 후기 제주 여행 시 꼭 챙겨가는 것 중에 하나인 텀블러... 제주 공항에서 푸른컵을 대여할 수 있는 곳은 올리브영 맞은편에 있는 돌랑돌랑상점이라는 카페에서...,0.0,제주푸른컵
512,512,"그래도 적어도 텀블러를 들고 다니는 한 가지 움직임만으로도 일회용 플라스틱 컵 쓰레기를 배출하지... 제휴 카페들 서론이 길었다..ㅎㅎ 그래서 결론은, 푸른컵을 제주여행 동안 사용했고 개인적으로... ",0.0,제주푸른컵
513,513,"제주 전역에서 빌리고 반납하기 제주 푸른컵은 카페에서 테이크아웃을 할 때 일회용 컵 대신 푸른컵을 빌리고, 음료를 다 마신 뒤 가까운 곳에 반납할 수 있어요. 여행하면서 제로웨이스트 실천을 할 수... ",0.0,제주푸른컵
514,514,"일회용품 없는 제주, #제로웨이스트 를 위해 제주 푸른컵을 빌려준다는 사실. 푸른컵 대여와 반납에 대한 정보가 나와있어요. 오른쪽에 보이는 큐알코드로 접속하면 대여를 위한 절차가 나오는데 굉장히... ",0.0,제주푸른컵
515,515,식사를 하고 제주공항 밖으로 이동하려는데 텀블러 컵을 대여해 주는 #제주푸른컵 이라는 곳을 들르게... #일회용컵제로 제주도의 지속 가능한 변화로 인하여 제주 환경이 아름다워지고 더 푸른 제주도가 되기를...,1.0,제주푸른컵
516,516,"푸른컵은 보증금을 내고 텀블러를 대여한 후에 컵을 반납하면 보증금을 다시 돌려받는 그런 서비스다. 제주의 힙한 카페들과 제휴를 맺고 있고, 그래서 제휴된 카페들을 찾아간다면 할인서비스까지 챙길 수... ",0.0,제주푸른컵
517,517,"제주 푸른컵 이라는 공유서비스를 소개할께요. 푸른컵 인스타그램 푸른컵은 관광지인 제주에서... 편집샵 제주용기 (오일장서길 23) 대여방법 ▶ 현장에서 큐알코드를 이용해 보증금(2만원, 컵 반환시... ",0.0,제주푸른컵
518,518,"푸른컵은 제주의 많은 쓰레기들 중에서도, 제주의 수많은 카페에서 발생되는 일회용컵에 주목했다. 제주도에는 1,856개의 카페가 있다고 하고 매년 여기서 버려지는 일회용컵은 무려 6,300만개 가량이라고... ",0.0,제주푸른컵
519,519,기업들과 제주 지역 카페들의 협업으로 “일회용컵 없는 제주조성” 시범사업 중인데 그 중 “푸른... 일회용 컵 사용하지 않는 제주 여행 어때요? 좋은 건 다같이 공유하기ღ’ᴗ’ღ 삼다도 제주에 걸맞게...,0.0,제주푸른컵
520,520,제주 비건 카페 펜고호다 애월 애견 동반 가능 글/사진 하은정원 안녕하세요. '나'라는 정원을 가꾸며... 바로 펜고호다 라는 카페에요. 펜고호다는 편안하다라는 뜻의 제주어라고 해요. 지구도 사람도...,1.0,펜고호다
521,521,펜고호다 제주 비건카페 사실 채식을 하기 전에 커피가 맛있다는 소리를 듣고 간 적이 있었는데 그때는... 판고호다는 이날 날씨가 좋지 않아 내부에서만 취식이 가능했다. 아기자기 한 인테리어는 먼지가 보이지...,1.0,펜고호다
522,522,배불러서 다 못먹음 ㅠㅠ아깝 비건카페 펜고호다에 가봤다 나무문이 인상적이었다 계속 날씨가... 좋지 않아서 운영하지 않았다! 비건카페를 원한다면 펜고호다 추천! 펜고호다는 편안하다라는 제주방언이란다,1.0,펜고호다
523,523,제주도 비건 카페로 유명한 펜고호다인데요. 인스타로 받아 보면서 가보고 싶다고 생각만 했는데... 펜고호다 펜고호다는 제주도 방언으로 '편안하다' 라는 뜻을 갖고 있는데 카페의 외관부터 펜고호다라는...,1.0,펜고호다
524,524,와보고싶었던 #비건카페 #펜고호다 테이블이 세개뿐인데 딱 우리 앞에서 다 차버려서 웨이팅 시작 카페 웨이팅 절대 못참는데 비건카페 웨이팅은 잘참아요(?) 밖에 넘 추워서 코지영이랑 차안에서 기다리는동안...,1.0,펜고호다
525,525,그중 하나였던 비건 베이커리 카페 ‘펜고호다’ ! 연휴에도 오픈하신다는 소식에 다녀왔어요. #제주카페 #제주카페추천 #펜고호다 Jeju cafe 펜고호다 · 주소: 제주시 애월읍 봉성로 61 1층 · 영업시간: 오후 12시...,1.0,펜고호다
526,526,제주도 비건 카페 펜고호다 원래 가려던 카페들에 실패하고 급히 네이버 지도로 근처 카페를 찾다가 발견하게 된 제주도 비건 카페 펜코호다! 아무 생각없이 방문 했던 제주도 카페였는데 모든 재료는 비건이고...,1.0,펜고호다
527,527,"오늘은 몇일 전에 다녀온 작지만 정말 분위기가 너무너무 좋았던 카페 펜고호다를 소개해드리려고... 제주 신상 카페 펜고호다는 굉장히 입구가 예쁘다 보니, 사진 찍으면 좋거든요. 아무튼, 제주 카페 펜고호다... ",1.0,펜고호다
528,528,오 현지인 인증 맛집~~ 이러면서 감..!!(ㅋㅋ) 펜고호다! 비건 카페! 제주 펜고호다 제주 펜고호다 제주 펜고호다 펜고호다 아직도 만취 상태인 나를 찍어주는 남편... 다시 보니 열정 넘쳤군 제주 펜고호다...,0.0,펜고호다
529,529,"[ 펜고호다 ] 12:00-19:00 (매주 월,일 휴무) 너무 궁금했던 비건 카페! 쿠키랑 스콘, 케이크등이 있었는데... 팬고호다 #비건카페 #제주감성숙소 #제주도민맛집 #봉성리 #제주멜즈 #제주와인 #협재와인샵... ",0.0,펜고호다
530,530,가는 길에 신호를 기다리는데 길가에 대왕 당근이ㅋㅋㅋㅋㅋㅋㅋ 구좌가 당근으로 유명한 곳이라던데 오늘의 점심은 톰톰카레에서! 평소에 카레를 좋아해서 제주에서도 맛집을 찾을 때 가장 먼저 찾아본 게...,1.0,톰톰카레
531,531,"바다보이고 돌담같은게 있으니까 제주느낌 ^^^ 귀여운 톰톰카레 손글씨 메뉴판 구좌야채카레, 반반카레(시금치, 야채) 시금치카레가 너무 맛났다 크림치즈도 올려져있어서 고소한 맛 두배! 다 먹고 소화시킬겸... ",0.0,톰톰카레
532,532,이번에 다녀온 #모닥식탁 카레도 정말 맛있었고 이효리맛집으로도 유명한 비건카레 전문점  #톰톰카레 이곳도.. 진짜 찐이다 찐 구좌 평대리에 위치한 톰톰카레 제주스러운 분위기 속 조용한 카레집이다...,1.0,톰톰카레
533,533,"굳게 닫혀있음..ㅎㅎ 톰톰카레 맛있는 채식 카레를 판매하는 곳, #이효리맛집 으로 유명한 곳! 한참을 길따라 걷다보면, 힘내라는 듯 이런 표지판이 귀엽게 붙어있다. 너무 귀여어- 그리고 이렇게나 예쁜... ",1.0,톰톰카레
534,534,카레와 밥이 계속 리필됩니다 ㅎㅎ 흡사 무한리필 ㅎㅎ 저는 평대해변 맛집 톰톰카레 뒤에 가고 싶은 카페가 많아 아쉽게도 그냥 리필은 하지 않았어요 ㅎㅎ 하지만 배가 차지 않으시는 분들은 꼭 리필도...,1.0,톰톰카레
535,535,제주에 왔으니 톰톰카레에서 카레를 드셔보시면 또다른 맛의 비건식의 향연을 가득 느끼실 꺼라 생각이 듭니다. ㅎㅎㅎ 이제 제주 글꺼리가 다 떨어지려 하니 다시 짐싸들고 제주가서 글꺼리 가득 담아오려...,1.0,톰톰카레
536,536,"바로 평대리에서는 꽤 오래된 맛집들인 톰톰 카레와 평대 분식입니다. 오래된 맛집이라는 것은 바로... 사장님의 넉넉한 마음씨에 반했습니다 ❤ 저희는 콩 카레, 반반 카레, 버섯 카레를 시켰어요. 저희 집... ",1.0,톰톰카레
537,537,"분위기도, 맛도, 사장님도 너무 좋았던 톰톰카레 다음엔 꼭 맥주랑 먹어야지이 #구좌읍 #구좌맛집 #톰톰카레 #제주카레 #이효리 #시금치카레 #버섯카레 #톳카레 #제주맛집 #제주도맛집",1.0,톰톰카레
538,538,된 톰톰카레 카레집 소개글이 눈길을 확~!! 이효리도 다녀간 반반 카레집 살짝 검색을 해보니 이미... 많다~ 톰톰은 워낙 인기도 있고 웨이팅도 있는 식당이라 그래서 콧대가 높다고 생각하고 언짢아하시는 분도...,1.0,톰톰카레
539,539,위치 : 제주시 조천읍 함덕로 40 영업시간 : 09:00 - 18:00 (라스트오더 17:30) 휴무일 : 매일 영업 톰톰카레 추천 메뉴 - 반반카레( 야채 + 콩 ) 구좌 맛집!! 이효리도 다녀간 곳으로 아마도 내가 먼저 먹고 온 것 같기도...,1.0,톰톰카레
540,540,"제주시 노형동 천연발효종 빵집:: 본조르노베이커리 몇년전까지만 해도 커피는 바닐라라떼, 빵은... 바로 노형동 빵집 본조르노베이커리 ✧⁺⸜( •⌄• )⸝⁺✧ 본조르노베이커리  제주 제주시 다랑곶4길 68... ",1.0,본조르노베이커리
541,541,생각보다 맛있는 빵집이 많은 연동 그중 #본조르노베이커리 를 다녀왔어요 본조르노 베이커리 위치... MENU 본조르노는 요일마다 약간씩 나오는 종류가 다른데 이 날은 레드벨벳 치즈 바게트가 나왔네요 어디서...,1.0,본조르노베이커리
542,542,"제주 빵지순례 _ 본조르노 베이커리 첫인상을 벗어난 맛! 평범한 동네 빵집이라는 색안경을 끼고... 이 밖에 화이트 크루아상, 본조르노 스콘, 위에서 소개한 티그레가 있어요~ 개인적으로 크로와상이나 스콘... ",0.0,본조르노베이커리
543,543,이 사진을 보면 상상이 되는 맛... 그대로 입니다. 저 프라스틱 칼은 채점석베이커리 팡도르 자를때 쓰는 칼인데 제주에서 잘써먹고 있습니다. #본조르노베이커리 #빵지순례 #전국빵지순례 #빵지도 #제주빵지순례,1.0,본조르노베이커리
544,544,준클라시코도 최애 빵집 중 하나인데 본조르노에 밀려서 안간지 오래 .. 조만간 한번 가야겠다 여긴... giorno.bakery #제주빵집 #제주맛집 #본조르노베이커리 #노형빵집 #바게트 #패스트리 #내돈내산내먹,0.0,본조르노베이커리
545,545,① 마음 샌드 픽업 ② 낭뿌리 식당 ③ 하멜/본조르노 베이커리 ④ 이호테우 해수욕장 ⑤ 칠돈가 본점... 하멜/본조르노 베이커리 11시 하멜 가던 길에 발견한 예쁜 꽃 올해 2월에 제주도 갔을 때 하멜...,1.0,본조르노베이커리
546,546,2020년 12월에 다녀오고 오랜만인 2021년 4월 첫 주에 다녀온 #본조르노베이커리 2020년 12월에 갔을 때 찍은 사진부터~ #빵나오는시간 이 때 나는 제주녹차식빵(지금은 단종됨 ㅠㅠ)과 오렌지베리를 먹었다....,1.0,본조르노베이커리
547,547,"제주여행 필수 코스 빵지도에 있는 노형동 본조르노베이커리! 제가 다녀왔던 오드랑베이커리, 빵귿 그 외 가려고 별표해놨던 곳들도 몇있군요! 주소 : 제주 제주시 노형동 1036-17 영업 : 10:00-19:30 목요일... ",1.0,본조르노베이커리
548,548,"생각만해도 기분이 좋아지는 본조르노베이커리 간단하게 포스팅해볼게요 빨간 벽돌에 저 간판들이... 모르겠는데 본조르노 베이커리는 천연발효종 호밀, 통밀, 백밀, 건포도 4가지를 사용하여 건강하게... ",1.0,본조르노베이커리
549,549,제주 노형동 본조르노 베이커리 제주시 빵지순례하기 좋은 곳 너무나도 가고싶었던 #겹겹의의도 가 리뉴얼 공사 중이라는 충격적인 소식을 듣고 급하게 찾은 빵집은 노형동에 위치한 #본조르노베이커리...,1.0,본조르노베이커리
550,550,여기에 #카페스물다섯 도 포함되어 있더라구요 '에너지 소통 공감 카페에서 기후위기에 대해 생각해... 그리고 두꺼운 종이로 뽑혀 있어서 다회로 사용할 수 있더라구요 그리고 #스물다섯카페 의 시그니처메뉴...,1.0,카페스물다섯
551,551,"어떤 좋은 기회로 스물다섯 카페의 존재를 알고, (인스타 알고리즘으로?) 피드 보자마자 내 취향이다!... 가보고 싶던 사진전이었는데 안내책자보고 반가웠어요ㅎ 이상- 카페 스물다섯에서의 행복했던 순간의... ",1.0,카페스물다섯
552,552,"푹신푹신 ~ 스물다섯카페는 제로웨이스트 카페인데, 카페를 둘러보면서 사장님이 환경을 위해 정말 많은 노력을 하고 있다는 걸 알 수 있었어요 카페스물다섯 카운터메뉴판입니다 ! 메뉴들이 정말 많아요... ",1.0,카페스물다섯
553,553,"무릎담요도 출입구에 있긴 했는데, 해지고 추울때 루프탑에 오를때는 무릎담요를 챙기는것도 괜찮을거 같아요. #수원화성 #수원방화수류정 #수원방화수류정카페 #스물다섯스물하나촬영지 #드라마촬영지",1.0,카페스물다섯
554,554,"#제주카페추천 #노형카페추천 #카페스물다섯 이번에 카페 '스물다섯' 서포터즈로 선정 돼서 잘 먹고 잘 놀다온 후기 남겨요 ~,~ ※영업시간※ 매일 11시 ~ 저녁 9시 (L.O 8:30) 입구 부터 아주 귀여운 간판으로... ",1.0,카페스물다섯
555,555,"스물다섯 제주시 다랑곶6길 19 운영시간 11:30 ~ 21:00 (Last order 20:30) 연중무휴 운영 반려동물 동반 가능 배달, 포장 가능 별도 주차장 없음 아기자기하고 아늑한 동네카페 '스물다섯' 환경 보호의 적극 실천중인... ",1.0,카페스물다섯
556,556,"©로사나의세상 Cafe  Dessert :: 제주 노형동 카페 스물다섯 ■ 영업시간 : 매일 11:00 ~ 21:00pm... 특이한 소품이 모인 스물다섯 카페. 스물다섯은 사회 초년생이면서도, 아직은 20대 초반 같은 애매한... ",0.0,카페스물다섯
557,557,왜 집앞에 이렇게 아기자기한 카페가 없는지 ㅜㅜㅋㅋ 좀더 노력해봐야겠습니다. 화이탱! #제주도카페 #제주시카페 #노형동카페 #신제주카페 #스물다섯 #카페스물다섯 #스물다섯커피,1.0,카페스물다섯
558,558,노형동 카페 스물다섯❤️ 비오니까 빨리 들어가야해 간판만 찍고 호다닥 들어가기. 저기 그림 너무 귀엽잖아 스물다섯같은 귀여움이다 들어가자마자 신기한게 카페사장님이 지구를 생각하시는게 많이...,1.0,카페스물다섯
559,559,친구가 자주가는 카페라고 했다. 노형동에 위치한 카페스물다섯 카페 스물다섯에 처음 들어갔을 때는 아늑하다는 느낌이 들었다. 신발벗고 앉는 테이블도 있어서 거기 앉았다. 친구네 집 온 기분 스물다섯...,1.0,카페스물다섯
560,560,"그렇게 시작한 민박집이 오늘로 꽉 찬 다섯 살이 되었습니다. ^^ 5년, 그 사이 제주에는 수도 없이 많은... ^^ 김녕 해변의 모래알만큼이나 많은 숙소들 중에서, 잊지 않고 늘 소로소로를 찾아주시는 손님들이... ",1.0,제주민박 소로소로
561,561,"체크인이 5시라, 국수 먹고 느지막히 숙소로 향했다. 제주의 숙소들은 (적어도 내가 알아봤던 숙소들은)... 여름에 왔을 때 묵었던 그런 어정쩡하게 비싼 펜션보다 훨씬 좋은 민박집이 있다고, 사람 냄새가 나는... ",1.0,제주민박 소로소로
562,562,제주에서 오름 다음으로 좋은 곳은 소로소로. 조용하고 평화로운 동편인 제주시 송당리에 위치한 민박집이다. 우연히 방문했다가 너무x100 좋은 추억을 쌓아 그 후로 제주 여행 올 일이 있으면 소로소로를 꼭...,1.0,제주민박 소로소로
563,563,"시월 , 제주 소로소로의 아침 따스한 온기와 다정한 마음이 가득했던 소로소로 넘넘 이뻐서 자꾸만 머물고 싶었던 곳 제주민박 소로소로 다음에 제주도 가면 또 방문하고싶어요 ! http://hisuhee75.blog.me/",1.0,제주민박 소로소로
564,564,"- 둘째날 우리의 숙소는 송당리에 위치한 '소로소로 게스트하우스' 사실 게스트하우스보다는 민박에 더 가깝다. 제주 전통집 안에 각방들을 1인실, 2인실로 나눠서 객실로 쓰는 형태이고 도미토리가 없다.... ",1.0,제주민박 소로소로
565,565,"[제주민박 소로소로]라는 이름으로 숙소를 운영한 지, 올해로(2021년)만 8년 차에 접어들었습니다. 10년... 있는 민박집 중 하나에 이름이 꼽히면 좋겠다는 생각을 가끔 합니다. 하지만, 변하지 않고 '그대로... ",1.0,제주민박 소로소로
566,566,"ㅎㅎ 제주시 구좌읍 송당리에 자리 잡은 제주 민박 소로소로 roomcafe는 5월 2일에 첫 삽을 뜨고, 어느덧 2개월 반이 지났습니다. 현재 공사 현황은, 전체적인 설비나 시설부분은 모두 끝이 났고, 지금은... ",1.0,제주민박 소로소로
567,567,제주 민박 소로소로  ROOM  CAFE  나름 북유럽 스탈~~~~ 이 되다만 북유럽 스탈 커텐!! (그래도 북유럽... ㅠ 요 귀여운 커텐들은 어디에 걸리게 될까요~~?? 소로소로에 따~악 어울려야 할텐데 말이죠.,0.0,제주민박 소로소로
568,568,- 제주민박 소로소로 룸  까페 소로소로는 제주도에 있는 게스트하우스겸 까페입니다. 소로소로 프로젝트는 게스트하우스와 까페에서 쓰여질 패브릭류들을 제작하기 위해 시작 되었습니다. 소로소로 작업을...,1.0,제주민박 소로소로
569,569,- 제주민박 소로소로 룸  까페 ...덥다!!! 바람 한 점 없이 시멘트가 달궈져 열기가 그대로 올라온다.... 아이스커피를 연달아 만들어 마시고 안에 있는 얼음까지 아작아작 씹어가며 오늘도 소로소로~ 소로소로~,1.0,제주민박 소로소로
570,570,위치한 한라서적타운 제주 서점을 소개합니다~!! • 영업시간: 월요일~토요일 09:00-22:00 일요일 10:00-21:00... 계단으로 올라가면 이런 공간이 나와요 여기는 외국어나 자격증 시험 관련 서적들이 있는 곳이에요 바...,0.0,한라서적타운
571,571,"이곳 한라가 적지는 않을듯 합니다. 일단 입구에 가면 주차장이 있고, 2층으로 올라 가야만 합니다.... 제주에 있는 이렇게 큰 서점인 한라서적타운 마음에 드네요... 근데 이름이 왜 서적타운일까요?... ",1.0,한라서적타운
572,572,서점 한라서적 타운은 대형 서점이면서 하루 종일 시간을 보내도 편안한 곳입니다. 도민들이 좋아하는 공간으로 친절해서 좋았고 자주 찾고 싶은 곳입니다. #제주도서점 #제주책방 #한라서적 #한라서적타운,1.0,한라서적타운
573,573,한라서적타운 제주10일살기는 제주도 살이 도중 제주도 현지에서 올리는 포스팅이에요. 오늘은 1월... '한라서적타운'이라는 이 근사한 서점을 발견해서 기뻤죠. 이 곳에서 아이가 마음에 쏙 들어하는 책을...,1.0,한라서적타운
574,574,"제주도 서점 한라서적타운 제주 책방 시내 북카페 가볼만한곳 글, 사진 / 슈크림 겨울 방학 중인... 한라서적 건물 옆에는 호떡집도 있어 아이들과 호떡도 하나씩 사서 먹고 기분 좋은 외출을 할 수가 있었던... ",1.0,한라서적타운
575,575,그리하여 첫날 제일 먼저 가보기로 한곳은 한라서적타운 입니다. 37년 전통 제주 서점 한라서적타운... 요리관련 서적들을 보게 되더라고요. 여러가지 요리책들이 있는데 결국엔 어떤걸 사야 할지 몰라서...,0.0,한라서적타운
576,576,안녕하세요 홍새댁입니다 오늘은 우연하게 지나가다 본 서적타운 소개해드리려고합니다 바로 소개해드릴게요 두둥탁! . . 월요일~토요일 9:00~22:00 일요일 10:00~21:00 0507-1480-9988 . . 한라서적타운내부입니다...,0.0,한라서적타운
577,577,21:00 한라서적타운의 로고가 인상적이었어요. 책 두 권을 꽂아 놓은 모습으로 표현된 한라산^^ 주차는 건물 주차장에 가능합니다. 아낌없이 시간 넣어주신다고 하니 좋네요~ 2층에 북카페도 마련되어 있던데...,1.0,한라서적타운
578,578,"위치한 #한라서적타운 이라는 서점을 알게 되었어요. 영풍문고, 교보문고만큼의 규모는 아니지만 제주... 필요한 책이 있을 때 한라서적타운 자주 이용할 것 같아요 ㅎㅎ #제주서점 #제주대형서점 #제주시내서점... ",1.0,한라서적타운
579,579,오늘은 큰딸 심부름으로 제주시내에 있는 한라서적타운을 다녀왔다. 제주도에서 제일큰 서점이다.... 시험관련 서적들이 있는곳이다. 위에서 보니 또 새롭군 오 나름 포토스팟인데? ㅋ ㅋ 책냄새 맡는 순간...,1.0,한라서적타운
580,580,마지막 제3편 제주 수눌음 지역자활센터의 자활사업단이 자활기업으로 창업한 제주인 사회적협동조합... 재활용과 기증 문화 확산을 기대해봅니다. #요디 #재활용나눔가게 #수눌음알뜰가게요디 #세탁대행서비스,0.0,수눌음알뜰가게 요디
581,581,수눌음 알뜰가게 요디 제주인사회적협동조합 수눌음 알뜰가게 요디 요디는 제주어로 '여기'를 뜻합니다 수눌음 알뜰가게 요디는 저소득층 자활사업으로 지역사회의 공익 증진을 목적으로 재활용 나눔가게를...,0.0,수눌음알뜰가게 요디
582,582,"자주적, 자립적, 자치적인 협동조합 활동을 통하여 지역사회 수눌음 문화 및 지역복지 증진에... 제품을 알뜰한 가격에 구입을 할 수 있는 제주 수눌음알뜰가게 요디 재생자전거도 판매하고 있는 요디가게... ",0.0,수눌음알뜰가게 요디
583,583,제주 재활용 나눔가게 수눌음알뜰가게 요디 올해는 새옷을 한 벌도 안사겠다 다짐했는데 나에게 맞는... 운영되는 요디는 '여기'의 제주말로 업사이클제품과 나눔물건을 저렴하게 구매할 수 있는 곳이다! 청으로...,0.0,수눌음알뜰가게 요디
584,584,그런 의미에서 수눌음 알뜰가게 요디는 좋은 선택이 될 수 있는 공간이다. 요디는 '제주인 사회적협동조합' 제주 수눌음 지역자활센터의 자활사업단이 자활기업으로 창업한 곳이다. 자활기업은 2인 이상의...,0.0,수눌음알뜰가게 요디
585,585,방문한 요디 김기수안과 바로 뒷 건물이다 고산동산 버스정류장에서 내리고 조금만 올라와서 코너를 딱 돌면! 바로 보인다 수눌음은 품앗이의 제주 ver. 제주인 사회적협동조합은 취약계층 지원과 지역사회의...,0.0,수눌음알뜰가게 요디
586,586,"정면 수눌음 알뜰가게 요디 : T) 752-5382 가게운영시간 : 평일 10시 ~ 8시 요디는? 제주인 사회적협동조합에서 자주적, 자립적, 자치적인 협동조합 활동을 통하여 취약계층 자활·자립을 지원하고 지역사회 수눌음... ",0.0,수눌음알뜰가게 요디
587,587,"제주수눌음지역자활센터, 수눌음 책사랑터 도서기부함 설치 http://www.newsje.com/news/articleView.html?idxno... 재사용나눔가게, 수눌음알뜰가게 요디 등 제주시내 6개소에 총 7개의 도서기부함을 설치했다. 사업을... ",1.0,수눌음알뜰가게 요디
588,588,찾아가게 됐다~ 광고일부캡쳐 '수눌음알뜰가게요디' 자체가 기억해서 검색하 긴 좀 힘든 이름이라는 아쉬움이 있슈~ 일단 요디 로 기억! ('여기'라는 뜻!) 주소:제주 제주시 고산동산6길 1 전화; 064 -752 -5382...,1.0,수눌음알뜰가게 요디
589,589,"제주시내에 아름다운가게랑 비슷한 수눌음알뜰가게 요디라는 곳에 다녀왔어요. 위치는 메인길에서... 수눌음알뜰가게요디은... 사회복지지시설 제주수눌음지역자활센터에서 운영하며, 모든 수익금은 저소득층... ",1.0,수눌음알뜰가게 요디
590,590,조금이나마 성장한 시간이 되셨길 바래봅니다^^ #제주수눌음지역자활센터 #정성가득 #고객서비스품질향상과정 #재사용나눔가게 #자활사업 #재활용 #리폼 #착한자전거 #자전거구매 #자전거수리 #정성과마음을다해,0.0,제주재사용나눔가게 착한자전거
591,591,곳으로 재사용나눔가게라 칭하고 있다. 제주시민들과 생활속에서 자원 재순환과 나눔을 실천하기 위해... 요디가게 자전거가 필요한 분들은 값싼 가격에 구입할 수 있다. 세제 농약의 10%가 옷을 만드는...,0.0,제주재사용나눔가게 착한자전거
592,592,"제주서문시장근처에 있는 재사용나눔가게 의류, 자전거등을 재활용 및 업사이클링 하는 곳입니다... 있는 재사용나눔가게 착한자전거 둘의 가게는 같은 곳입니다 한쪽은 의류, 한쪽은 자전거를 팔고 있어요... ",0.0,제주재사용나눔가게 착한자전거
593,593,코로나 이전에는 어린이 재사용 나눔장터인 오라장을 열어서 지역주민과 함께도 많이 했다고하는데 올해는 코로나로 열지를 못하고 있다고합니다. 제주 일상에서 빨리 다시 장터를 열수 있기를 바래요!...,1.0,제주재사용나눔가게 착한자전거
594,594,재활용 나눔가게를 운영하고 있습니다. 기증➡️분류➡️판매➡️나눔 수눌음 알뜰가게 요디는 기증받은 물건을 분류작업 걸친 뒤 재사용이 가능한 물건을 상품화 시켜 저렴한 가격으로 판매합니다. 판매가...,1.0,제주재사용나눔가게 착한자전거
595,595,"제주시수눌음지역자활센터에서 자활사업단이 자활기업으로 창업한 곳입니다. 요디 가게, 원시앤조이, 자전거 세상 등 현재는 3가지 사업을 하고 있습니다. 이 3가지 사업은, 재활용, 재사용 기업으로 버려지는... ",0.0,제주재사용나눔가게 착한자전거
596,596,제주삼천리자전거 대리점 삼화점에 다녀왔습니다 얼마전에 아이자전거는 제주재사용나눔가게에서... 삼천리자전거외에도 가져오면 조립비용만 받고 조립해준다고 합니다 가게한번 둘러볼까요?...,0.0,제주재사용나눔가게 착한자전거
597,597,여러분에게 아름다운가게는 어떤 모습인가요? 쓰지 않는 물건을 기부하는 재사용 나눔 가게 지속... 가게는 사회의 사각지대를 찾아 곳곳에서 다양한 모습으로 다가가고 있습니다. 모두가 함께하는 나눔과...,1.0,제주재사용나눔가게 착한자전거
598,598,"정보인데, 제주도에서 최근에 재사용나눔가게라는 사업이 시작되었다. 네이버에 검색을 해보면 금방 그 정보가 나온다. 구제 물품과 옷을 싼 값에 파는 착한 가게이다. 공공사업인지 민간 사업인지는 모르겠다.... ",1.0,제주재사용나눔가게 착한자전거
599,599,아름다운가게에 기증후 나눔과 순환이 어떻게 되어 가고 있는지 한눈에 볼수 있게 그림으로 해두셨더라구요 물품기증을 하면 재사용 나눔가게에서 판매후 수익금으로 나눔을 실천 에코파티메아리...,0.0,제주재사용나눔가게 착한자전거
